-64.2536366,-27.8112515,4
-64.2505871,-27.8073134,5
-64.3023622,-27.8101402,6
-64.2153855,-27.7178741,7
-64.2623637,-27.7752205,8
-64.2441184,-27.7973905,9
-64.1507261,-27.7852791,10
-64.2699617,-27.8119418,12
-63.6946928,-29.5014456,14
-64.2865524,-27.7969641,16
-64.2634536,-27.7794188,18
-62.8294612,-25.8033315,19
-64.2386635,-27.7464641,20
-62.420467,-27.6500429,21
-64.2566165,-27.8436473,22
-64.2310903,-27.7453594,23
-64.2505871,-27.8073134,24
-64.2772154,-27.7899339,25
-64.2705808,-27.8510521,27
-63.694865516,-29.503305248,29
-64.2505871,-27.8073134,30
-65.1451301,-28.6332069,32
-62.8294612,-25.8033315,33
-64.2310903,-27.7453594,34
-64.2566437,-27.7488105,35
-64.2476405,-27.805808,36
-64.3101226,-27.818268,37
-64.2649357,-27.8102066,39
-64.2417434,-27.72777,41
-62.8345782,-28.4605716,44
-62.8333501,-25.8132484,45
-64.2546051,-27.8432889,46
-64.2682793,-27.8079646,47
-64.2731561,-27.7999921,48
-64.2547027,-27.8079112,49
-64.2586023,-27.7443937,51
-62.8388774,-28.4619543,52
-64.2700047,-27.8537189,53
-62.8370782693878,-28.461543477551,54
-64.2682793,-27.8079646,55
-64.2821376,-27.7671616,56
-64.8567524,-27.4975227,57
-64.2498855,-27.7919043,58
-64.2498855,-27.7919043,60
-62.420467,-27.6500429,61
-64.2498855,-27.7919043,62
-64.2592792,-27.7854187,64
-62.7065868408163,-27.0269196408163,65
-64.2699617,-27.8119418,66
-64.2676243,-27.809049,67
-64.2682793,-27.8079646,69
-64.2494452,-27.737676,71
-62.8288834,-25.8047687,72
-64.2515229,-27.8434143,73
-63.6958754,-29.4948678,74
-64.2604393,-27.787801,75
-64.2536735,-27.7906096,77
-64.2772154,-27.7899339,80
-64.2600712,-27.8271692,81
-64.2465732,-27.8257067,82
-64.2592792,-27.7854187,83
-64.2263114,-27.8346567,84
-62.8337164,-28.4551219,85
-64.2606202,-27.7824702,87
-64.8648907,-27.5008156,88
-64.2465732,-27.8257067,90
-63.8923945,-27.9271711,92
-64.2460774,-27.8024899,93
-64.2460774,-27.8024899,94
-65.2994606835357,-26.80417595,95
-65.2038133,-26.8303703,96
-65.2038133,-26.8303703,97
-65.2038133,-26.8303703,98
-65.2038133,-26.8303703,99
-65.2038133,-26.8303703,100
-65.6146633,-27.4314798,101
-65.2994606835357,-26.80417595,102
-65.2994606835357,-26.80417595,104
-65.2038133,-26.8303703,105
-65.2038133,-26.8303703,106
-65.2038133,-26.8303703,107
-65.2038133,-26.8303703,108
-65.2038133,-26.8303703,109
-65.2038133,-26.8303703,110
-65.2038133,-26.8303703,111
-65.2994606835357,-26.80417595,112
-65.2038133,-26.8303703,113
-65.5927221,-27.3459249,114
-65.2038133,-26.8303703,115
-65.2994606835357,-26.80417595,116
-65.2038133,-26.8303703,117
-65.5927221,-27.3459249,118
-65.2038133,-26.8303703,119
-65.2038133,-26.8303703,120
-65.6146633,-27.4314798,121
-65.2038133,-26.8303703,122
-65.2994606835357,-26.80417595,123
-65.2038133,-26.8303703,124
-65.2994606835357,-26.80417595,125
-65.2038133,-26.8303703,127
-65.3231821397932,-26.84021445,128
-65.2038133,-26.8303703,129
-65.2038133,-26.8303703,130
-65.2038133,-26.8303703,131
-65.2038133,-26.8303703,132
-65.2038133,-26.8303703,134
-65.2038133,-26.8303703,135
-65.2038133,-26.8303703,136
-65.2038133,-26.8303703,137
-65.2038133,-26.8303703,138
-65.2038133,-26.8303703,139
-65.2038133,-26.8303703,140
-65.2038133,-26.8303703,141
-65.2038133,-26.8303703,142
-65.2038133,-26.8303703,143
-65.2038133,-26.8303703,144
-65.2038133,-26.8303703,145
-65.2038133,-26.8303703,146
-65.2541464591206,-26.7469685,147
-65.2038133,-26.8303703,148
-65.4972201,-27.1653249,149
-65.2038133,-26.8303703,150
-65.2038133,-26.8303703,151
-65.2038133,-26.8303703,152
-65.2994606835357,-26.80417595,153
-65.2038133,-26.8303703,154
-65.2038133,-26.8303703,155
-65.2038133,-26.8303703,156
-65.2994606835357,-26.80417595,157
-65.2038133,-26.8303703,158
-65.2038133,-26.8303703,159
-65.2994606835357,-26.80417595,160
-65.2038133,-26.8303703,161
-65.2038133,-26.8303703,162
-65.2038133,-26.8303703,163
-65.2038133,-26.8303703,164
-65.2038133,-26.8303703,165
-65.2038133,-26.8303703,166
-65.2038133,-26.8303703,167
-65.2038133,-26.8303703,168
-65.2038133,-26.8303703,169
-65.2994606835357,-26.80417595,170
-65.2038133,-26.8303703,172
-65.2038133,-26.8303703,173
-65.2038133,-26.8303703,174
-66.848658,-29.4319517,175
-66.8574253,-29.4072293,176
-66.8444709,-29.4135494,177
-66.8512024,-29.4195771,178
-66.8538484,-29.40538,179
-66.2671849,-30.6271209,180
-66.8933223,-29.4448047,182
-66.86307,-29.3998641,183
-66.8552457,-29.3923607,185
-66.8610683,-29.405105,187
-66.8641081,-29.4090721,188
-66.8510022,-29.4220376,189
-66.8367276,-29.3998726,191
-66.8510022,-29.4220376,192
-66.8912708,-29.4120936,194
-67.4865027,-29.1711145,195
-66.8506500580441,-29.4145484,196
-67.4971055,-29.1674984,197
-66.86307,-29.3998641,198
-67.4910432714286,-29.1655212,199
-66.8321382,-29.4236856,200
-68.5463672,-29.5234416,201
-66.8484965,-29.4204682,202
-66.8558535,-29.4184762,203
-66.8630773,-29.4188763,204
-65.9515546,-33.2762202,206
-65.9515546,-33.2762202,207
-65.9515546,-33.2762202,208
-65.9515546,-33.2762202,209
-65.9515546,-33.2762202,210
-65.9515546,-33.2762202,211
-65.9515546,-33.2762202,212
-65.9515546,-33.2762202,213
-65.9515546,-33.2762202,214
-65.9515546,-33.2762202,215
-65.9515546,-33.2762202,216
-65.9515546,-33.2762202,217
-65.9515546,-33.2762202,218
-65.9515546,-33.2762202,219
-65.9515546,-33.2762202,220
-65.9515546,-33.2762202,221
-65.9515546,-33.2762202,222
-65.9515546,-33.2762202,223
-65.9515546,-33.2762202,224
-65.9515546,-33.2762202,225
-65.9515546,-33.2762202,226
-65.9515546,-33.2762202,227
-65.9515546,-33.2762202,228
-65.9515546,-33.2762202,229
-65.9515546,-33.2762202,230
-65.9515546,-33.2762202,231
-65.9515546,-33.2762202,232
-65.9515546,-33.2762202,233
-65.9515546,-33.2762202,234
-65.9515546,-33.2762202,235
-65.9515546,-33.2762202,236
-65.9515546,-33.2762202,237
-65.9515546,-33.2762202,238
-65.9515546,-33.2762202,239
-65.9515546,-33.2762202,240
-65.9515546,-33.2762202,241
-65.9515546,-33.2762202,242
-65.9515546,-33.2762202,243
-65.9515546,-33.2762202,244
-65.9515546,-33.2762202,245
-65.9515546,-33.2762202,246
-65.9515546,-33.2762202,247
-65.9515546,-33.2762202,248
-65.9515546,-33.2762202,249
-65.9515546,-33.2762202,250
-65.9515546,-33.2762202,251
-65.9515546,-33.2762202,252
-65.9515546,-33.2762202,253
-65.9515546,-33.2762202,254
-65.9515546,-33.2762202,255
-65.9515546,-33.2762202,256
-65.9515546,-33.2762202,257
-60.1113010612098,-32.59048105,258
-60.5298511,-31.7330145,259
-60.5298511,-31.7330145,260
-60.1113010612098,-32.59048105,261
-60.5298511,-31.7330145,262
-58.2120598002009,-32.26440155,263
-59.5145993,-30.3522712,266
-59.3433338151465,-33.162696,267
-60.5852855694334,-32.09862305,268
-59.4453587,-31.3414622,269
-58.0173305,-31.3972539,270
-57.9259975960832,-31.09070885,272
-60.1113010612098,-32.59048105,273
-60.5298511,-31.7330145,274
-58.5103466,-33.0078585,275
-58.5103466,-33.0078585,276
-58.5103466,-33.0078585,277
-58.5103466,-33.0078585,278
-58.5103466,-33.0078585,279
-57.9600898572449,-30.73296275,280
-58.0173305,-31.3972539,281
-58.4046641137233,-32.1308985,282
-59.8303736948629,-31.5224951,283
-58.0173305,-31.3972539,284
-58.2591052276301,-32.21258625,285
-60.5298511,-31.7330145,286
-60.5298511,-31.7330145,287
-58.0173305,-31.3972539,288
-59.3433338151465,-33.162696,289
-58.5103466,-33.0078585,291
-58.0173305,-31.3972539,293
-58.5103466,-33.0078585,294
-58.0173305,-31.3972539,295
-58.0173305,-31.3972539,296
-59.9626528668439,-31.8664134,297
-60.1113010612098,-32.59048105,298
-60.0608132039869,-31.5586714,299
-60.5298511,-31.7330145,300
-60.5298511,-31.7330145,301
-58.5103466,-33.0078585,302
-59.9626528668439,-31.8664134,303
-60.3031976145036,-32.02527915,304
-60.5298511,-31.7330145,305
-57.9600898572449,-30.73296275,306
-57.9600898572449,-30.73296275,307
-58.4046641137233,-32.1308985,308
-60.5298511,-31.7330145,309
-58.0173305,-31.3972539,310
-58.2009097045443,-31.17251355,312
-58.2120598002009,-32.26440155,313
-58.5103466,-33.0078585,314
-58.5103466,-33.0078585,315
-60.5298511,-31.7330145,316
-57.9600898572449,-30.73296275,317
-59.8303736948629,-31.5224951,318
-58.8395995148154,-30.90337035,319
-60.0608132039869,-31.5586714,320
-59.5145993,-30.3522712,321
-60.5298511,-31.7330145,322
-58.4858781177908,-31.6213886,323
-59.13528169487,-32.29998725,324
-58.8395995148154,-30.90337035,325
-59.0345718918573,-31.8578398,326
-58.8395995148154,-30.90337035,327
-60.5298511,-31.7330145,328
-60.5298511,-31.7330145,329
-57.9600898572449,-30.73296275,330
-59.3577588247231,-32.18171585,331
-60.137122112286,-31.94810635,332
-60.137122112286,-31.94810635,333
-59.8161942253722,-32.39596345,334
-60.2122664072795,-32.1701028,335
-58.8395995148154,-30.90337035,337
-58.5103466,-33.0078585,338
-58.2120598002009,-32.26440155,339
-60.5852855694334,-32.09862305,340
-60.1113010612098,-32.59048105,341
-59.0345718918573,-31.8578398,342
-60.5298511,-31.7330145,343
-59.8161942253722,-32.39596345,344
-59.9626528668439,-31.8664134,345
-58.5103466,-33.0078585,347
-58.5103466,-33.0078585,348
-58.5103466,-33.0078585,349
-58.9979974360685,-33.03088665,353
-57.9600898572449,-30.73296275,354
-59.7468951262627,-30.9308805,355
-60.5298511,-31.7330145,356
-60.5298511,-31.7330145,357
-58.0173305,-31.3972539,358
-58.0173305,-31.3972539,359
-58.5103466,-33.0078585,360
-58.4858781177908,-31.6213886,361
-58.5103466,-33.0078585,362
-60.5298511,-31.7330145,363
-60.5852855694334,-32.09862305,364
-58.5103466,-33.0078585,365
-60.0608132039869,-31.5586714,366
-59.8907002949686,-31.6675533,367
-58.4046641137233,-32.1308985,368
-58.5103466,-33.0078585,369
-57.9600898572449,-30.73296275,370
-57.9259975960832,-31.09070885,372
-58.8395995148154,-30.90337035,373
-59.0345718918573,-31.8578398,374
-60.5298511,-31.7330145,375
-60.5852855694334,-32.09862305,377
-58.0173305,-31.3972539,378
-59.7468951262627,-30.9308805,379
-58.7492340562745,-30.37286845,380
-58.0173305,-31.3972539,381
-58.4046641137233,-32.1308985,382
-60.5298511,-31.7330145,383
-59.8907002949686,-31.6675533,384
-58.8865805373442,-32.359287,385
-58.5103466,-33.0078585,386
-59.0345718918573,-31.8578398,387
-58.0173305,-31.3972539,388
-60.5298511,-31.7330145,389
-60.5298511,-31.7330145,390
-60.5298511,-31.7330145,391
-58.8768620590611,-32.68054035,392
-60.3031976145036,-32.02527915,393
-59.0345718918573,-31.8578398,394
-58.4046641137233,-32.1308985,395
-60.2122664072795,-32.1701028,396
-58.2120598002009,-32.26440155,397
-60.2122664072795,-32.1701028,398
-60.0608132039869,-31.5586714,399
-60.0608132039869,-31.5586714,400
-59.0345718918573,-31.8578398,401
-59.3433338151465,-33.162696,402
-59.3433338151465,-33.162696,403
-59.13528169487,-32.29998725,404
-60.3031976145036,-32.02527915,405
-59.3433338151465,-33.162696,406
-60.1113010612098,-32.59048105,407
-59.5145993,-30.3522712,408
-58.5103466,-33.0078585,409
-60.5298511,-31.7330145,410
-60.5298511,-31.7330145,412
-60.5298511,-31.7330145,413
-60.1113010612098,-32.59048105,414
-60.5298511,-31.7330145,415
-59.13528169487,-32.29998725,416
-59.8907002949686,-31.6675533,417
-58.8768620590611,-32.68054035,418
-60.5298511,-31.7330145,419
-60.5298511,-31.7330145,420
-60.5298511,-31.7330145,421
-59.0345718918573,-31.8578398,423
-58.5103466,-33.0078585,424
-64.2793498877551,-36.6274692959184,425
-64.2830818612245,-36.6092400469388,426
-64.2714119285714,-36.6156217,427
-64.2908349,-36.5893982,428
-64.262579,-36.6312143,429
-63.6658949,-37.140265,431
-63.4241617387755,-36.4085689306122,432
-64.2714119285714,-36.6156217,433
-63.566328677551,-36.0530175795918,434
-64.261789,-36.6219494,436
-64.2982186,-36.6329857,437
-64.2757928,-36.6233192,439
-64.0849914,-38.9878389,440
-68.0830010265306,-38.9523610795918,441
-64.2804986102041,-36.6167567653061,442
-63.5902109,-35.2374333,443
-67.7148561,-37.7734283,446
-64.2909987857143,-36.6317904857143,449
-64.2787394,-36.6167098,450
-64.3042415163265,-36.6416587183674,452
-64.2645276693877,-36.6194346,453
-64.2859824918367,-36.6251008877551,454
-64.2872343,-36.6202444836735,456
-63.740155,-37.8978968,458
-63.3826412,-35.5530017,461
-64.2419743,-35.0430503,462
-64.2847309040816,-36.6055565204082,463
-64.2855220265306,-36.6242333163265,464
-64.272218144898,-36.6146983428571,466
-64.2862249571429,-36.6287461857143,468
-64.2339980755102,-36.2269087387755,469
-64.2339980755102,-36.2269087387755,470
-58.9865196,-27.4511235,472
-58.9865196,-27.4511235,473
-58.9865196,-27.4511235,474
-58.9865196,-27.4511235,475
-58.9865196,-27.4511235,476
-58.9865196,-27.4511235,477
-58.9865196,-27.4511235,478
-58.9865196,-27.4511235,479
-58.9865196,-27.4511235,480
-58.9865196,-27.4511235,481
-58.9865196,-27.4511235,482
-58.9865196,-27.4511235,483
-58.9865196,-27.4511235,484
-58.9865196,-27.4511235,485
-58.9865196,-27.4511235,486
-58.9865196,-27.4511235,487
-58.9865196,-27.4511235,488
-58.9865196,-27.4511235,489
-58.9865196,-27.4511235,490
-58.9865196,-27.4511235,491
-58.9865196,-27.4511235,492
-58.9865196,-27.4511235,493
-58.9865196,-27.4511235,494
-58.9865196,-27.4511235,495
-58.9865196,-27.4511235,496
-58.9865196,-27.4511235,497
-58.9865196,-27.4511235,498
-58.9865196,-27.4511235,499
-58.9865196,-27.4511235,500
-58.9865196,-27.4511235,501
-58.9865196,-27.4511235,502
-58.9865196,-27.4511235,503
-58.9865196,-27.4511235,504
-58.9865196,-27.4511235,505
-58.9865196,-27.4511235,506
-58.9865196,-27.4511235,507
-58.9865196,-27.4511235,508
-58.9865196,-27.4511235,509
-58.9865196,-27.4511235,510
-58.9865196,-27.4511235,511
-58.9865196,-27.4511235,512
-58.9865196,-27.4511235,513
-58.9865196,-27.4511235,514
-58.9865196,-27.4511235,515
-58.9865196,-27.4511235,516
-58.9865196,-27.4511235,517
-58.9865196,-27.4511235,518
-58.9865196,-27.4511235,519
-58.9865196,-27.4511235,520
-58.9865196,-27.4511235,521
-58.9865196,-27.4511235,522
-58.9865196,-27.4511235,523
-58.9865196,-27.4511235,524
-58.9865196,-27.4511235,525
-58.9865196,-27.4511235,526
-58.9865196,-27.4511235,527
-58.9865196,-27.4511235,528
-58.9865196,-27.4511235,529
-58.9865196,-27.4511235,530
-58.9865196,-27.4511235,531
-58.9865196,-27.4511235,532
-58.9865196,-27.4511235,533
-58.9865196,-27.4511235,534
-58.9865196,-27.4511235,535
-58.9865196,-27.4511235,536
-58.9865196,-27.4511235,537
-58.9865196,-27.4511235,538
-58.9865196,-27.4511235,539
-58.9865196,-27.4511235,540
-58.9865196,-27.4511235,541
-58.9865196,-27.4511235,542
-58.9865196,-27.4511235,543
-58.9865196,-27.4511235,544
-58.9865196,-27.4511235,545
-58.9865196,-27.4511235,546
-58.9865196,-27.4511235,547
-58.9865196,-27.4511235,548
-58.9865196,-27.4511235,549
-58.9865196,-27.4511235,550
-58.9865196,-27.4511235,551
-58.9865196,-27.4511235,552
-58.9865196,-27.4511235,553
-58.9865196,-27.4511235,554
-58.9865196,-27.4511235,555
-58.9865196,-27.4511235,556
-58.9865196,-27.4511235,557
-58.9865196,-27.4511235,558
-58.9865196,-27.4511235,559
-58.9865196,-27.4511235,560
-58.9865196,-27.4511235,561
-58.9865196,-27.4511235,562
-58.9865196,-27.4511235,563
-68.3073246,-54.8069332,564
-68.3073246,-54.8069332,565
-67.7014736,-53.7854636,566
-68.3073246,-54.8069332,567
-67.7014736,-53.7854636,568
-67.7014736,-53.7854636,569
-68.3073246,-54.8069332,570
-67.7014736,-53.7854636,571
-68.3073246,-54.8069332,572
-68.3073246,-54.8069332,573
-68.3073246,-54.8069332,574
-68.3073246,-54.8069332,575
-67.7014736,-53.7854636,576
-67.7014736,-53.7854636,577
-68.3073246,-54.8069332,578
-68.3073246,-54.8069332,579
-68.3073246,-54.8069332,580
-68.3073246,-54.8069332,581
-67.1952409,-54.5082783,582
-67.7014736,-53.7854636,583
-68.3073246,-54.8069332,584
-68.0592568,-38.9549296,585
-68.0592568,-38.9549296,586
-71.2793629321762,-40.1412431,587
-68.0592568,-38.9549296,588
-68.0592568,-38.9549296,589
-68.0592568,-38.9549296,590
-68.0592568,-38.9549296,591
-68.0592568,-38.9549296,592
-68.0592568,-38.9549296,593
-70.1801367790181,-38.93728765,594
-70.1801367790181,-38.93728765,595
-68.0592568,-38.9549296,596
-68.0592568,-38.9549296,597
-70.1801367790181,-38.93728765,598
-68.0592568,-38.9549296,599
-68.0592568,-38.9549296,600
-68.0592568,-38.9549296,601
-70.1801367790181,-38.93728765,602
-68.0592568,-38.9549296,603
-68.0592568,-38.9549296,604
-68.0592568,-38.9549296,605
-68.0592568,-38.9549296,606
-68.0592568,-38.9549296,607
-68.0592568,-38.9549296,608
-68.0592568,-38.9549296,609
-71.2793629321762,-40.1412431,610
-68.0592568,-38.9549296,611
-70.1801367790181,-38.93728765,612
-68.2270197,-38.9523098,613
-71.2793629321762,-40.1412431,614
-70.1801367790181,-38.93728765,615
-68.0592568,-38.9549296,616
-68.1431578071018,-38.8376657,617
-70.1801367790181,-38.93728765,618
-68.0592568,-38.9549296,619
-68.0592568,-38.9549296,620
-71.6249781273302,-40.7740917,621
-68.0592568,-38.9549296,622
-68.0592568,-38.9549296,623
-71.2793629321762,-40.1412431,624
-71.2793629321762,-40.1412431,625
-70.0823384803883,-40.0490096,627
-68.0592568,-38.9549296,628
-70.2747061798313,-37.3467387,629
-71.0806768040158,-39.8621936,630
-70.2747061798313,-37.3467387,631
-71.2793629321762,-40.1412431,632
-68.0592568,-38.9549296,633
-71.6249781273302,-40.7740917,634
-68.0592568,-38.9549296,635
-71.2793629321762,-40.1412431,636
-68.0592568,-38.9549296,637
-71.6249781273302,-40.7740917,638
-68.0592568,-38.9549296,639
-68.0592568,-38.9549296,640
-68.0592568,-38.9549296,641
-68.2270197,-38.9523098,642
-71.2793629321762,-40.1412431,643
-71.6249781273302,-40.7740917,644
-68.0592568,-38.9549296,645
-71.6249781273302,-40.7740917,646
-68.0592568,-38.9549296,647
-68.0592568,-38.9549296,648
-68.0592568,-38.9549296,649
-68.0592568,-38.9549296,650
-69.2293719,-38.9380487,652
-68.2270197,-38.9523098,653
-68.0592568,-38.9549296,654
-71.6249781273302,-40.7740917,655
-68.0592568,-38.9549296,656
-68.0592568,-38.9549296,657
-68.0592568,-38.9549296,658
-71.2793629321762,-40.1412431,659
-68.0592568,-38.9549296,660
-70.2747061798313,-37.3467387,661
-71.2793629321762,-40.1412431,662
-71.0806768040158,-39.8621936,663
-71.0806768040158,-39.8621936,664
-68.2270197,-38.9523098,665
-68.0592568,-38.9549296,666
-70.9119928277241,-39.2342167,667
-68.0592568,-38.9549296,668
-68.0592568,-38.9549296,669
-70.1801367790181,-38.93728765,670
-71.2793629321762,-40.1412431,671
-68.0592568,-38.9549296,672
-68.0592568,-38.9549296,673
-68.0592568,-38.9549296,674
-70.1801367790181,-38.93728765,675
-68.0592568,-38.9549296,676
-70.9119928277241,-39.2342167,677
-68.0592568,-38.9549296,678
-68.0592568,-38.9549296,679
-68.0592568,-38.9549296,680
-68.0592568,-38.9549296,681
-68.0592568,-38.9549296,682
-71.2793629321762,-40.1412431,683
-68.0592568,-38.9549296,684
-69.0910986090908,-37.35837255,685
-70.1801367790181,-38.93728765,686
-68.4380712382687,-34.78719615,687
-68.4380712382687,-34.78719615,688
-68.4380712382687,-34.78719615,689
-68.4380712382687,-34.78719615,690
-68.4380712382687,-34.78719615,691
-68.4380712382687,-34.78719615,692
-68.4380712382687,-34.78719615,693
-68.4380712382687,-34.78719615,694
-68.4380712382687,-34.78719615,695
-68.4380712382687,-34.78719615,696
-68.4380712382687,-34.78719615,697
-68.4380712382687,-34.78719615,698
-68.4380712382687,-34.78719615,699
-68.4380712382687,-34.78719615,700
-68.4380712382687,-34.78719615,701
-68.4380712382687,-34.78719615,702
-68.4380712382687,-34.78719615,703
-68.4380712382687,-34.78719615,704
-68.4380712382687,-34.78719615,705
-68.4380712382687,-34.78719615,706
-68.4380712382687,-34.78719615,707
-68.4380712382687,-34.78719615,708
-68.4380712382687,-34.78719615,709
-68.4380712382687,-34.78719615,710
-68.4380712382687,-34.78719615,711
-68.4380712382687,-34.78719615,712
-68.4380712382687,-34.78719615,713
-68.4380712382687,-34.78719615,714
-68.4380712382687,-34.78719615,715
-68.4380712382687,-34.78719615,716
-68.4380712382687,-34.78719615,717
-68.4380712382687,-34.78719615,718
-68.4380712382687,-34.78719615,719
-68.4380712382687,-34.78719615,720
-68.4380712382687,-34.78719615,721
-68.4380712382687,-34.78719615,722
-68.4380712382687,-34.78719615,723
-68.4380712382687,-34.78719615,724
-68.4380712382687,-34.78719615,725
-68.4380712382687,-34.78719615,726
-68.4380712382687,-34.78719615,727
-68.4380712382687,-34.78719615,728
-68.4380712382687,-34.78719615,729
-68.4380712382687,-34.78719615,730
-68.4380712382687,-34.78719615,731
-68.4380712382687,-34.78719615,732
-68.4380712382687,-34.78719615,733
-68.4380712382687,-34.78719615,734
-68.4380712382687,-34.78719615,735
-68.4380712382687,-34.78719615,736
-68.4380712382687,-34.78719615,737
-68.4380712382687,-34.78719615,738
-68.4380712382687,-34.78719615,739
-68.4380712382687,-34.78719615,740
-68.4380712382687,-34.78719615,741
-68.4380712382687,-34.78719615,742
-68.4380712382687,-34.78719615,743
-68.4380712382687,-34.78719615,744
-68.4380712382687,-34.78719615,745
-68.4380712382687,-34.78719615,746
-68.4380712382687,-34.78719615,747
-68.4380712382687,-34.78719615,748
-68.4380712382687,-34.78719615,749
-68.4380712382687,-34.78719615,750
-68.4380712382687,-34.78719615,751
-68.4380712382687,-34.78719615,752
-68.4380712382687,-34.78719615,753
-68.4380712382687,-34.78719615,754
-68.4380712382687,-34.78719615,755
-68.4380712382687,-34.78719615,756
-68.4380712382687,-34.78719615,757
-68.4380712382687,-34.78719615,758
-68.4380712382687,-34.78719615,759
-68.4380712382687,-34.78719615,760
-68.4380712382687,-34.78719615,761
-68.4380712382687,-34.78719615,762
-68.4380712382687,-34.78719615,763
-68.4380712382687,-34.78719615,764
-68.4380712382687,-34.78719615,765
-68.4380712382687,-34.78719615,766
-68.4380712382687,-34.78719615,767
-68.4380712382687,-34.78719615,768
-68.4380712382687,-34.78719615,769
-68.4380712382687,-34.78719615,770
-68.4380712382687,-34.78719615,771
-68.4380712382687,-34.78719615,772
-68.4380712382687,-34.78719615,773
-68.4380712382687,-34.78719615,774
-68.4380712382687,-34.78719615,775
-68.4380712382687,-34.78719615,776
-68.4380712382687,-34.78719615,777
-68.4380712382687,-34.78719615,778
-68.4380712382687,-34.78719615,779
-68.4380712382687,-34.78719615,780
-68.4380712382687,-34.78719615,781
-68.4380712382687,-34.78719615,782
-68.4380712382687,-34.78719615,783
-68.4380712382687,-34.78719615,784
-68.4380712382687,-34.78719615,785
-68.4380712382687,-34.78719615,786
-68.4380712382687,-34.78719615,787
-68.4380712382687,-34.78719615,788
-68.4380712382687,-34.78719615,789
-68.4380712382687,-34.78719615,790
-68.4380712382687,-34.78719615,791
-68.4380712382687,-34.78719615,792
-68.4380712382687,-34.78719615,793
-68.4380712382687,-34.78719615,794
-68.4380712382687,-34.78719615,795
-68.4380712382687,-34.78719615,796
-68.4380712382687,-34.78719615,797
-68.4380712382687,-34.78719615,798
-68.4380712382687,-34.78719615,799
-68.4380712382687,-34.78719615,800
-68.4380712382687,-34.78719615,801
-68.4380712382687,-34.78719615,802
-68.4380712382687,-34.78719615,803
-68.4380712382687,-34.78719615,804
-68.4380712382687,-34.78719615,805
-68.4380712382687,-34.78719615,806
-68.4380712382687,-34.78719615,807
-68.4380712382687,-34.78719615,808
-68.4380712382687,-34.78719615,809
-68.4380712382687,-34.78719615,810
-68.4380712382687,-34.78719615,811
-68.4380712382687,-34.78719615,812
-68.4380712382687,-34.78719615,813
-68.4380712382687,-34.78719615,814
-68.4380712382687,-34.78719615,815
-68.4380712382687,-34.78719615,816
-68.4380712382687,-34.78719615,817
-68.4380712382687,-34.78719615,818
-68.4380712382687,-34.78719615,819
-68.4380712382687,-34.78719615,820
-68.4380712382687,-34.78719615,821
-68.4380712382687,-34.78719615,822
-68.4380712382687,-34.78719615,823
-68.4380712382687,-34.78719615,824
-68.4380712382687,-34.78719615,825
-68.4380712382687,-34.78719615,826
-68.4380712382687,-34.78719615,827
-68.4380712382687,-34.78719615,828
-68.4380712382687,-34.78719615,829
-68.4380712382687,-34.78719615,830
-68.4380712382687,-34.78719615,831
-68.4380712382687,-34.78719615,832
-68.4380712382687,-34.78719615,833
-68.4380712382687,-34.78719615,834
-68.4380712382687,-34.78719615,835
-68.4380712382687,-34.78719615,836
-68.4380712382687,-34.78719615,837
-68.4380712382687,-34.78719615,838
-68.4380712382687,-34.78719615,839
-68.4380712382687,-34.78719615,840
-68.4380712382687,-34.78719615,841
-68.4380712382687,-34.78719615,842
-68.4380712382687,-34.78719615,843
-68.4380712382687,-34.78719615,844
-68.4380712382687,-34.78719615,845
-68.4380712382687,-34.78719615,846
-68.4380712382687,-34.78719615,847
-68.4380712382687,-34.78719615,848
-68.4380712382687,-34.78719615,849
-68.4380712382687,-34.78719615,850
-68.4380712382687,-34.78719615,851
-68.4380712382687,-34.78719615,852
-68.4380712382687,-34.78719615,853
-68.4380712382687,-34.78719615,854
-68.4380712382687,-34.78719615,855
-68.4380712382687,-34.78719615,856
-68.4380712382687,-34.78719615,857
-68.4380712382687,-34.78719615,858
-68.4380712382687,-34.78719615,859
-68.4380712382687,-34.78719615,860
-68.4380712382687,-34.78719615,861
-68.4380712382687,-34.78719615,862
-68.4380712382687,-34.78719615,863
-68.4380712382687,-34.78719615,864
-68.4380712382687,-34.78719615,865
-68.4380712382687,-34.78719615,866
-68.4380712382687,-34.78719615,867
-68.4380712382687,-34.78719615,868
-68.4380712382687,-34.78719615,869
-68.4380712382687,-34.78719615,870
-68.4380712382687,-34.78719615,871
-68.4380712382687,-34.78719615,872
-68.4380712382687,-34.78719615,873
-68.4380712382687,-34.78719615,874
-68.4380712382687,-34.78719615,875
-68.4380712382687,-34.78719615,876
-68.4380712382687,-34.78719615,877
-68.4380712382687,-34.78719615,878
-68.4380712382687,-34.78719615,879
-68.4380712382687,-34.78719615,880
-68.4380712382687,-34.78719615,881
-68.4380712382687,-34.78719615,882
-68.4380712382687,-34.78719615,883
-68.4380712382687,-34.78719615,884
-68.4380712382687,-34.78719615,885
-68.4380712382687,-34.78719615,886
-68.4380712382687,-34.78719615,887
-68.4380712382687,-34.78719615,888
-68.4380712382687,-34.78719615,889
-68.4380712382687,-34.78719615,890
-68.4380712382687,-34.78719615,891
-68.4380712382687,-34.78719615,892
-68.4380712382687,-34.78719615,893
-68.4380712382687,-34.78719615,894
-68.4380712382687,-34.78719615,895
-68.4380712382687,-34.78719615,896
-68.4380712382687,-34.78719615,897
-68.4380712382687,-34.78719615,898
-68.4380712382687,-34.78719615,899
-68.4380712382687,-34.78719615,900
-68.4380712382687,-34.78719615,901
-68.4380712382687,-34.78719615,902
-68.4380712382687,-34.78719615,903
-68.4380712382687,-34.78719615,904
-68.4380712382687,-34.78719615,905
-68.4380712382687,-34.78719615,906
-68.4380712382687,-34.78719615,907
-68.4380712382687,-34.78719615,908
-68.4380712382687,-34.78719615,909
-68.4380712382687,-34.78719615,910
-68.4380712382687,-34.78719615,911
-68.4380712382687,-34.78719615,912
-68.4380712382687,-34.78719615,913
-68.4380712382687,-34.78719615,914
-68.4380712382687,-34.78719615,915
-68.4380712382687,-34.78719615,916
-68.4380712382687,-34.78719615,917
-68.4380712382687,-34.78719615,918
-68.4380712382687,-34.78719615,919
-68.4380712382687,-34.78719615,920
-68.4380712382687,-34.78719615,921
-68.4380712382687,-34.78719615,922
-68.4380712382687,-34.78719615,923
-68.4380712382687,-34.78719615,924
-68.4380712382687,-34.78719615,925
-68.4380712382687,-34.78719615,926
-68.4380712382687,-34.78719615,927
-68.4380712382687,-34.78719615,928
-68.4380712382687,-34.78719615,929
-68.4380712382687,-34.78719615,930
-68.4380712382687,-34.78719615,931
-68.4380712382687,-34.78719615,932
-68.4380712382687,-34.78719615,933
-68.4380712382687,-34.78719615,934
-68.4380712382687,-34.78719615,935
-68.4380712382687,-34.78719615,936
-68.4380712382687,-34.78719615,937
-68.4380712382687,-34.78719615,938
-68.4380712382687,-34.78719615,939
-68.4380712382687,-34.78719615,940
-68.4380712382687,-34.78719615,941
-68.4380712382687,-34.78719615,942
-68.4380712382687,-34.78719615,943
-68.4380712382687,-34.78719615,944
-68.4380712382687,-34.78719615,945
-68.4380712382687,-34.78719615,946
-68.4380712382687,-34.78719615,947
-68.4380712382687,-34.78719615,948
-68.4380712382687,-34.78719615,949
-68.4380712382687,-34.78719615,950
-68.4380712382687,-34.78719615,951
-68.4380712382687,-34.78719615,952
-68.4380712382687,-34.78719615,953
-68.4380712382687,-34.78719615,954
-68.4380712382687,-34.78719615,955
-68.4380712382687,-34.78719615,956
-68.4380712382687,-34.78719615,957
-68.4380712382687,-34.78719615,958
-68.4380712382687,-34.78719615,959
-68.4380712382687,-34.78719615,960
-68.4380712382687,-34.78719615,961
-68.4380712382687,-34.78719615,962
-68.4380712382687,-34.78719615,963
-68.4380712382687,-34.78719615,964
-68.4380712382687,-34.78719615,965
-68.4380712382687,-34.78719615,966
-68.4380712382687,-34.78719615,967
-68.4380712382687,-34.78719615,968
-68.4380712382687,-34.78719615,969
-68.4380712382687,-34.78719615,970
-68.4380712382687,-34.78719615,971
-68.4380712382687,-34.78719615,972
-68.4380712382687,-34.78719615,973
-68.4380712382687,-34.78719615,974
-68.4380712382687,-34.78719615,975
-68.4380712382687,-34.78719615,976
-68.4380712382687,-34.78719615,977
-68.4380712382687,-34.78719615,978
-68.4380712382687,-34.78719615,979
-68.4380712382687,-34.78719615,980
-68.4380712382687,-34.78719615,981
-68.4380712382687,-34.78719615,982
-68.4380712382687,-34.78719615,983
-68.4380712382687,-34.78719615,984
-68.4380712382687,-34.78719615,985
-68.4380712382687,-34.78719615,986
-68.4380712382687,-34.78719615,987
-68.4380712382687,-34.78719615,988
-68.4380712382687,-34.78719615,989
-68.4380712382687,-34.78719615,990
-68.4380712382687,-34.78719615,991
-68.4380712382687,-34.78719615,992
-68.4380712382687,-34.78719615,993
-68.4380712382687,-34.78719615,994
-68.4380712382687,-34.78719615,995
-68.4380712382687,-34.78719615,996
-68.4380712382687,-34.78719615,997
-68.4380712382687,-34.78719615,998
-68.4380712382687,-34.78719615,999
-68.4380712382687,-34.78719615,1000
-68.4380712382687,-34.78719615,1001
-68.4380712382687,-34.78719615,1002
-68.4380712382687,-34.78719615,1003
-68.4380712382687,-34.78719615,1004
-68.4380712382687,-34.78719615,1005
-68.4380712382687,-34.78719615,1006
-68.4380712382687,-34.78719615,1007
-68.4380712382687,-34.78719615,1008
-68.4380712382687,-34.78719615,1009
-68.4380712382687,-34.78719615,1010
-68.4380712382687,-34.78719615,1011
-68.4380712382687,-34.78719615,1012
-68.4380712382687,-34.78719615,1013
-68.4380712382687,-34.78719615,1014
-68.4380712382687,-34.78719615,1015
-68.4380712382687,-34.78719615,1016
-68.4380712382687,-34.78719615,1017
-68.4380712382687,-34.78719615,1018
-68.4380712382687,-34.78719615,1019
-68.4380712382687,-34.78719615,1020
-68.4380712382687,-34.78719615,1021
-68.4380712382687,-34.78719615,1022
-68.4380712382687,-34.78719615,1023
-68.4380712382687,-34.78719615,1024
-68.4380712382687,-34.78719615,1025
-68.4380712382687,-34.78719615,1026
-68.4380712382687,-34.78719615,1027
-68.4380712382687,-34.78719615,1028
-68.4380712382687,-34.78719615,1029
-68.4380712382687,-34.78719615,1030
-68.4380712382687,-34.78719615,1031
-68.4380712382687,-34.78719615,1032
-68.4380712382687,-34.78719615,1033
-68.4380712382687,-34.78719615,1034
-68.4380712382687,-34.78719615,1035
-68.4380712382687,-34.78719615,1036
-68.4380712382687,-34.78719615,1037
-68.4380712382687,-34.78719615,1038
-68.4380712382687,-34.78719615,1039
-68.4380712382687,-34.78719615,1040
-68.4380712382687,-34.78719615,1041
-68.4380712382687,-34.78719615,1042
-68.4380712382687,-34.78719615,1043
-68.4380712382687,-34.78719615,1044
-68.4380712382687,-34.78719615,1045
-68.4380712382687,-34.78719615,1046
-68.4380712382687,-34.78719615,1047
-68.4380712382687,-34.78719615,1048
-68.4380712382687,-34.78719615,1049
-68.4380712382687,-34.78719615,1050
-68.4380712382687,-34.78719615,1051
-68.4380712382687,-34.78719615,1052
-68.4380712382687,-34.78719615,1053
-68.4380712382687,-34.78719615,1054
-68.4380712382687,-34.78719615,1055
-68.4380712382687,-34.78719615,1056
-68.4380712382687,-34.78719615,1057
-68.4380712382687,-34.78719615,1058
-68.4380712382687,-34.78719615,1059
-68.4380712382687,-34.78719615,1060
-68.4380712382687,-34.78719615,1061
-68.4380712382687,-34.78719615,1062
-68.4380712382687,-34.78719615,1063
-68.4380712382687,-34.78719615,1064
-68.4380712382687,-34.78719615,1065
-68.4380712382687,-34.78719615,1066
-68.4380712382687,-34.78719615,1067
-58.1839187,-26.1807807897959,1068
-58.1691742,-26.1980054,1069
-58.244321,-26.1924104,1070
-58.174398122449,-26.1756689306122,1071
-58.1782417,-26.1867192612245,1072
-61.847288,-23.8992159,1074
-58.1655622387755,-26.1782294591837,1075
-58.1664498755102,-26.1760292632653,1076
-60.1034064,-25.0559844,1080
-58.1754946,-26.1820425,1083
-58.25345,-26.2134085,1084
-59.1186359,-25.7426143,1086
-58.5071054,-25.2152186,1087
-58.1922617,-26.1735975,1089
-58.2040684,-26.1754503,1092
-57.7137461,-25.2958657,1093
-58.1771050918367,-26.1948037918367,1095
-58.2204513,-26.2060798,1096
-58.1738378918367,-26.1814492714286,1097
-58.1989643,-26.180268,1099
-58.1744976,-26.1852983,1100
-58.1964201,-26.1972292,1101
-58.1727963,-26.1728325,1103
-58.1809588714286,-26.1921427,1104
-58.1811985,-26.1980571,1105
-58.1771050918367,-26.1948037918367,1106
-58.1898741,-26.1795399,1107
-58.1713258816327,-26.1894954346939,1108
-58.1989643,-26.180268,1110
-58.1835866,-26.1846289,1111
-58.2040684,-26.1754503,1113
-58.1659122714286,-26.1865886,1114
-59.0989266,-25.7353002,1115
-60.3221515,-24.8982991,1116
-58.1713061591837,-26.1922539428571,1119
-58.1945099,-26.1743246,1121
-58.1898741,-26.1795399,1123
-58.1764115938776,-26.1933559857143,1124
-58.2026731,-26.1773433,1125
-58.1632598755102,-26.1913212530612,1126
-58.2026731,-26.1773433,1127
-60.1034064,-25.0559844,1128
-58.1654279,-26.1877425428571,1130
-58.1792347,-26.1809937244898,1131
-59.1186359,-25.7426143,1133
-58.1945099,-26.1743246,1134
-59.1186359,-25.7426143,1136
-59.1022694,-25.7357712,1137
-58.1942262,-26.1847808,1138
-58.2085557,-26.2011653,1140
-54.4315257,-26.737224,1141
-54.4315257,-26.737224,1142
-54.4315257,-26.737224,1143
-54.4315257,-26.737224,1144
-54.4315257,-26.737224,1145
-54.4315257,-26.737224,1146
-55.894295,-27.3664824,1147
-55.894295,-27.3664824,1148
-54.4315257,-26.737224,1149
-54.4315257,-26.737224,1150
-54.4315257,-26.737224,1151
-54.4315257,-26.737224,1152
-54.4315257,-26.737224,1153
-54.4315257,-26.737224,1155
-54.4315257,-26.737224,1156
-55.8988811183673,-27.3870214244898,1157
-55.894295,-27.3664824,1158
-55.8951388612245,-27.3783242102041,1159
-54.4315257,-26.737224,1160
-55.894295,-27.3664824,1162
-54.4315257,-26.737224,1163
-55.894295,-27.3664824,1164
-55.1254819,-27.4800199,1165
-54.4315257,-26.737224,1166
-54.4315257,-26.737224,1167
-54.4315257,-26.737224,1168
-54.4315257,-26.737224,1169
-55.894295,-27.3664824,1170
-54.4315257,-26.737224,1171
-55.4036844,-27.5088381,1172
-55.9054912131313,-27.3789314262626,1173
-54.4315257,-26.737224,1174
-54.4315257,-26.737224,1175
-54.4315257,-26.737224,1176
-55.894295,-27.3664824,1177
-55.894295,-27.3664824,1178
-54.4315257,-26.737224,1179
-54.4315257,-26.737224,1180
-54.4315257,-26.737224,1181
-54.4315257,-26.737224,1182
-55.894295,-27.3664824,1183
-55.894295,-27.3664824,1184
-54.4315257,-26.737224,1185
-54.4315257,-26.737224,1186
-55.894295,-27.3664824,1188
-55.894295,-27.3664824,1189
-54.4315257,-26.737224,1190
-55.894295,-27.3664824,1191
-54.4315257,-26.737224,1192
-55.9418572653061,-27.3845668061225,1193
-55.894295,-27.3664824,1194
-54.601672,-26.4136376,1195
-54.4315257,-26.737224,1197
-54.4315257,-26.737224,1198
-55.894295,-27.3664824,1199
-54.4315257,-26.737224,1200
-54.4315257,-26.737224,1202
-55.894295,-27.3664824,1203
-54.4315257,-26.737224,1204
-54.4315257,-26.737224,1205
-54.4315257,-26.737224,1206
-54.4315257,-26.737224,1207
-55.894295,-27.3664824,1208
-54.4315257,-26.737224,1209
-55.026682,-26.8082885,1210
-54.4315257,-26.737224,1211
-55.1161320836735,-27.4800619959184,1212
-54.4315257,-26.737224,1213
-55.1202965,-27.4849798,1214
-67.4751361,-45.8626547,1215
-67.4751361,-45.8626547,1216
-67.4751361,-45.8626547,1217
-67.4751361,-45.8626547,1218
-67.4751361,-45.8626547,1219
-67.4751361,-45.8626547,1220
-67.4751361,-45.8626547,1221
-67.4751361,-45.8626547,1222
-67.4751361,-45.8626547,1223
-67.4751361,-45.8626547,1224
-67.4751361,-45.8626547,1225
-67.4751361,-45.8626547,1226
-71.3216508,-42.9173055,1227
-71.3216508,-42.9173055,1228
-71.3216508,-42.9173055,1229
-71.3216508,-42.9173055,1230
-71.3216508,-42.9173055,1231
-71.3216508,-42.9173055,1232
-71.3216508,-42.9173055,1233
-71.3216508,-42.9173055,1234
-71.3216508,-42.9173055,1235
-71.3216508,-42.9173055,1236
-71.3216508,-42.9173055,1237
-71.3216508,-42.9173055,1238
-71.3216508,-42.9173055,1239
-71.597851,-42.0584989,1240
-71.597851,-42.0584989,1241
-71.597851,-42.0584989,1242
-71.597851,-42.0584989,1243
-71.597851,-42.0584989,1244
-71.597851,-42.0584989,1245
-71.597851,-42.0584989,1246
-71.597851,-42.0584989,1247
-71.597851,-42.0584989,1248
-65.1058656707415,-42.72874115,1249
-65.1058656707415,-42.72874115,1250
-65.1058656707415,-42.72874115,1251
-65.1058656707415,-42.72874115,1252
-65.1058656707415,-42.72874115,1253
-65.1058656707415,-42.72874115,1254
-65.1058656707415,-42.72874115,1255
-65.1553715444545,-43.30575595,1256
-65.1553715444545,-43.30575595,1257
-65.1553715444545,-43.30575595,1258
-65.1553715444545,-43.30575595,1259
-65.1553715444545,-43.30575595,1260
-65.1553715444545,-43.30575595,1261
-65.1553715444545,-43.30575595,1262
-65.1553715444545,-43.30575595,1263
-65.1553715444545,-43.30575595,1264
-65.1553715444545,-43.30575595,1265
-65.1553715444545,-43.30575595,1266
-65.1553715444545,-43.30575595,1267
-65.1553715444545,-43.30575595,1268
-65.1553715444545,-43.30575595,1269
-65.1553715444545,-43.30575595,1270
-65.1553715444545,-43.30575595,1271
-65.1553715444545,-43.30575595,1272
-65.3094184,-43.2531321,1273
-65.3094184,-43.2531321,1274
-65.3094184,-43.2531321,1275
-65.3094184,-43.2531321,1276
-65.3094184,-43.2531321,1277
-65.3094184,-43.2531321,1278
-65.3094184,-43.2531321,1279
-65.3094184,-43.2531321,1280
-65.3094184,-43.2531321,1281
-65.3094184,-43.2531321,1282
-65.3094184,-43.2531321,1283
-65.3094184,-43.2531321,1284
-65.3094184,-43.2531321,1285
-65.3094184,-43.2531321,1286
-65.3094184,-43.2531321,1287
-65.3094184,-43.2531321,1288
-65.3094184,-43.2531321,1289
-65.3094184,-43.2531321,1290
-65.3094184,-43.2531321,1291
-65.3094184,-43.2531321,1292
-65.3094184,-43.2531321,1293
-65.3094184,-43.2531321,1294
-65.3094184,-43.2531321,1295
-65.3094184,-43.2531321,1296
-65.3094184,-43.2531321,1297
-65.3094184,-43.2531321,1298
-65.3094184,-43.2531321,1299
-65.3094184,-43.2531321,1300
-65.3094184,-43.2531321,1301
-65.3094184,-43.2531321,1302
-65.3094184,-43.2531321,1303
-65.3094184,-43.2531321,1304
-65.3094184,-43.2531321,1305
-65.3094184,-43.2531321,1306
-64.4936985,-31.4183774,1307
-64.183319,-31.4173391,1308
-64.183319,-31.4173391,1309
-64.5589958,-31.97648,1310
-64.183319,-31.4173391,1311
-64.183319,-31.4173391,1312
-64.1655416,-31.4521867,1313
-64.183319,-31.4173391,1314
-64.5589958,-31.97648,1315
-64.183319,-31.4173391,1316
-64.0617445,-31.0220578,1317
-64.183319,-31.4173391,1318
-64.183319,-31.4173391,1319
-62.6900882281311,-32.6225734,1320
-62.8850595,-33.562218,1321
-64.183319,-31.4173391,1322
-64.183319,-31.4173391,1323
-64.183319,-31.4173391,1324
-64.183319,-31.4173391,1325
-64.183319,-31.4173391,1326
-64.183319,-31.4173391,1327
-64.183319,-31.4173391,1328
-64.183319,-31.4173391,1329
-64.183319,-31.4173391,1330
-64.183319,-31.4173391,1331
-64.5439668,-31.4702161,1332
-64.4338499,-31.6579113,1333
-64.183319,-31.4173391,1334
-64.1129881,-32.1767655,1335
-64.3477571,-33.1229869,1336
-64.183319,-31.4173391,1337
-64.183319,-31.4173391,1338
-64.183319,-31.4173391,1339
-64.183319,-31.4173391,1340
-61.9686068,-33.7455871,1341
-64.183319,-31.4173391,1342
-64.3477571,-33.1229869,1343
-62.7160986,-31.874029,1344
-64.183319,-31.4173391,1345
-64.183319,-31.4173391,1346
-64.183319,-31.4173391,1347
-64.183319,-31.4173391,1348
-64.299937,-31.0645832,1349
-64.183319,-31.4173391,1350
-62.104385,-32.6946933,1351
-64.1129881,-32.1767655,1352
-63.6817724,-31.9133731,1353
-64.183319,-31.4173391,1354
-64.183319,-31.4173391,1355
-64.8086332,-30.7218737,1356
-64.5871081,-34.8403216,1357
-62.1863973,-33.2832106,1358
-64.183319,-31.4173391,1359
-64.183319,-31.4173391,1360
-64.2976569,-31.2936496,1361
-64.4936985,-31.4183774,1362
-64.2976569,-31.2936496,1363
-64.183319,-31.4173391,1364
-64.183319,-31.4173391,1365
-64.183319,-31.4173391,1366
-64.0957082,-30.9764132,1367
-64.183319,-31.4173391,1368
-64.3017554,-31.2702627,1369
-65.0038688,-31.7209541,1370
-64.1129881,-32.1767655,1371
-64.183319,-31.4173391,1372
-64.5396135,-32.0644855,1373
-64.8086332,-30.7218737,1375
-64.4936985,-31.4183774,1376
-63.3416687,-32.7463243,1377
-64.1129881,-32.1767655,1378
-64.183319,-31.4173391,1379
-64.183319,-31.4173391,1380
-64.3164639,-31.2339887,1381
-64.4936985,-31.4183774,1382
-65.0588407,-32.1496834,1383
-64.183319,-31.4173391,1384
-64.183319,-31.4173391,1385
-64.592479,-31.3547972,1386
-62.6900882281311,-32.6225734,1387
-64.3477571,-33.1229869,1388
-64.183319,-31.4173391,1389
-64.183319,-31.4173391,1390
-64.183319,-31.4173391,1391
-64.183319,-31.4173391,1392
-63.2437955,-32.4107173,1393
-64.183319,-31.4173391,1394
-64.2976569,-31.2936496,1395
-64.183319,-31.4173391,1396
-64.183319,-31.4173391,1397
-64.183319,-31.4173391,1399
-64.183319,-31.4173391,1400
-65.0038688,-31.7209541,1401
-63.923389,-34.0074973,1402
-64.2976569,-31.2936496,1403
-64.183319,-31.4173391,1404
-64.183319,-31.4173391,1405
-64.183319,-31.4173391,1406
-64.183319,-31.4173391,1407
-64.183319,-31.4173391,1408
-64.183319,-31.4173391,1409
-64.0617445,-31.0220578,1410
-64.183319,-31.4173391,1411
-65.1900313,-31.9444784,1412
-62.8574553,-33.1547126,1413
-64.183319,-31.4173391,1414
-64.3387509,-31.3491546,1415
-63.5308258898656,-31.55135335,1416
-64.183319,-31.4173391,1417
-64.183319,-31.4173391,1418
-64.183319,-31.4173391,1419
-64.5439668,-31.4702161,1420
-64.4936985,-31.4183774,1421
-58.437076,-34.6075616,1422
-64.183319,-31.4173391,1423
-64.1129881,-32.1767655,1424
-64.183319,-31.4173391,1425
-64.1396496,-31.3886599,1426
-63.9471781,-31.3419789,1427
-64.183319,-31.4173391,1428
-64.183319,-31.4173391,1429
-62.0218636,-32.9851183,1430
-64.183319,-31.4173391,1431
-64.1129881,-32.1767655,1432
-64.183319,-31.4173391,1433
-62.4559927,-32.919699,1434
-64.183319,-31.4173391,1435
-64.183319,-31.4173391,1436
-64.3477571,-33.1229869,1437
-64.1129881,-32.1767655,1438
-64.183319,-31.4173391,1439
-64.183319,-31.4173391,1440
-64.183319,-31.4173391,1441
-64.3170097,-31.1696948,1442
-64.183319,-31.4173391,1443
-64.183319,-31.4173391,1444
-63.0509405,-31.4192409,1445
-64.183319,-31.4173391,1446
-64.1655416,-31.4521867,1447
-64.7569797827094,-32.10243185,1448
-64.3341196,-32.7588339,1449
-64.183319,-31.4173391,1450
-64.183319,-31.4173391,1451
-64.183319,-31.4173391,1452
-64.0957082,-30.9764132,1453
-64.183319,-31.4173391,1454
-64.183319,-31.4173391,1455
-63.2437955,-32.4107173,1456
-64.183319,-31.4173391,1457
-64.4936985,-31.4183774,1458
-64.183319,-31.4173391,1459
-64.3017554,-31.2702627,1460
-64.183319,-31.4173391,1461
-64.183319,-31.4173391,1462
-64.4936985,-31.4183774,1463
-65.1900313,-31.9444784,1464
-64.3879167,-32.452732,1465
-64.183319,-31.4173391,1466
-64.2976569,-31.2936496,1467
-64.3017554,-31.2702627,1468
-64.183319,-31.4173391,1469
-64.3387509,-31.3491546,1470
-64.183319,-31.4173391,1471
-64.4936985,-31.4183774,1472
-64.4936985,-31.4183774,1473
-62.297024,-32.6595751,1474
-62.0368545,-30.8674847,1475
-64.3387509,-31.3491546,1476
-64.183319,-31.4173391,1477
-64.5331207621347,-32.0796019,1478
-63.2437955,-32.4107173,1479
-64.183319,-31.4173391,1480
-64.183319,-31.4173391,1481
-64.4338499,-31.6579113,1482
-60.5298511,-31.7330145,1483
-64.3477571,-33.1229869,1484
-64.183319,-31.4173391,1485
-64.183319,-31.4173391,1486
-64.183319,-31.4173391,1487
-64.183319,-31.4173391,1488
-64.5277167,-31.4744575,1489
-64.1129881,-32.1767655,1490
-64.183319,-31.4173391,1491
-64.3477571,-33.1229869,1492
-63.6192465,-31.3333589,1493
-63.6192465,-31.3333589,1494
-64.2976569,-31.2936496,1495
-64.183319,-31.4173391,1496
-64.1129881,-32.1767655,1497
-63.2437955,-32.4107173,1498
-62.104385,-32.6946933,1499
-64.183319,-31.4173391,1500
-64.1129881,-32.1767655,1501
-64.2976569,-31.2936496,1502
-64.3017554,-31.2702627,1503
-62.6900882281311,-32.6225734,1504
-64.1027905,-31.4567978,1505
-64.183319,-31.4173391,1506
-62.6900882281311,-32.6225734,1507
-64.183319,-31.4173391,1508
-63.3905826,-34.1286369,1509
-64.183319,-31.4173391,1510
-64.183319,-31.4173391,1511
-64.183319,-31.4173391,1512
-64.183319,-31.4173391,1513
-64.3879167,-32.452732,1514
-64.183319,-31.4173391,1515
-64.183319,-31.4173391,1516
-64.183319,-31.4173391,1517
-64.183319,-31.4173391,1518
-63.800346,-31.7757039,1519
-64.1129881,-32.1767655,1520
-64.183319,-31.4173391,1521
-64.4936985,-31.4183774,1522
-64.3494964,-25.1076701,1524
-64.3494964,-25.1076701,1525
-64.9739247,-25.7985752,1527
-64.3494964,-25.1076701,1528
-65.6439521,-24.9087268,1529
-64.3494964,-25.1076701,1534
-64.3494964,-25.1076701,1535
-64.9709701,-25.4971644,1536
-64.3494964,-25.1076701,1537
-64.3494964,-25.1076701,1538
-63.7986328,-22.5194493,1540
-64.3494964,-25.1076701,1541
-64.3494964,-25.1076701,1543
-64.9709701,-25.4971644,1544
-64.3494964,-25.1076701,1546
-64.9739247,-25.7985752,1547
-64.3494964,-25.1076701,1548
-64.0973737,-23.2101359,1550
-64.3494964,-25.1076701,1551
-64.3494964,-25.1076701,1552
-64.3494964,-25.1076701,1553
-65.4103194,-24.7892946,1554
-64.3494964,-25.1076701,1555
-64.3494964,-25.1076701,1557
-63.7986328,-22.5194493,1559
-64.3494964,-25.1076701,1561
-64.3494964,-25.1076701,1562
-64.3494964,-25.1076701,1564
-71.3099936,-41.1334672,1565
-67.5956831056403,-39.012981,1566
-67.5956831056403,-39.012981,1567
-67.5956831056403,-39.012981,1568
-67.5956831056403,-39.012981,1569
-67.7791787768826,-39.0194815,1570
-67.990978,-38.9355475,1571
-67.5956831056403,-39.012981,1572
-67.990978,-38.9355475,1573
-67.990978,-38.9355475,1574
-67.990978,-38.9355475,1575
-67.5956831056403,-39.012981,1576
-67.5956831056403,-39.012981,1577
-67.5956831056403,-39.012981,1578
-67.990978,-38.9355475,1579
-67.0881954,-39.1012244,1580
-67.5956831056403,-39.012981,1581
-62.9946592,-40.8085638,1582
-67.990978,-38.9355475,1583
-68.0660507,-38.8274421,1584
-68.0660507,-38.8274421,1585
-67.990978,-38.9355475,1586
-67.0881954,-39.1012244,1587
-71.3099936,-41.1334672,1588
-67.5956831056403,-39.012981,1589
-67.5956831056403,-39.012981,1590
-67.990978,-38.9355475,1591
-67.5175069,-46.442117,1592
-67.9563241,-46.8057574,1593
-67.9563241,-46.8057574,1594
-69.2697592528459,-51.6474778,1595
-65.9345952904486,-47.7285285,1596
-69.2697592528459,-51.6474778,1598
-67.9563241,-46.8057574,1599
-69.2697592528459,-51.6474778,1600
-69.2697592528459,-51.6474778,1601
-69.2697592528459,-51.6474778,1602
-69.2697592528459,-51.6474778,1603
-69.2697592528459,-51.6474778,1604
-69.2697592528459,-51.6474778,1606
-72.3921438199161,-50.3304083,1607
-69.2697592528459,-51.6474778,1608
-69.2697592528459,-51.6474778,1609
-69.2697592528459,-51.6474778,1611
-69.2697592528459,-51.6474778,1612
-58.8312304,-27.4687004,1613
-58.8312304,-27.4687004,1614
-58.8312304,-27.4687004,1615
-56.6893413,-27.5896182,1616
-58.8312304,-27.4687004,1617
-58.6270109045891,-28.2787552,1618
-56.6893413,-27.5896182,1619
-58.8312304,-27.4687004,1620
-58.6270109045891,-28.2787552,1621
-58.8312304,-27.4687004,1622
-58.8312304,-27.4687004,1623
-58.8312304,-27.4687004,1624
-58.8312304,-27.4687004,1625
-58.8312304,-27.4687004,1626
-58.8312304,-27.4687004,1627
-58.8312304,-27.4687004,1628
-58.8312304,-27.4687004,1629
-58.8312304,-27.4687004,1631
-58.8312304,-27.4687004,1632
-58.8312304,-27.4687004,1633
-58.8312304,-27.4687004,1634
-58.8312304,-27.4687004,1635
-58.8312304,-27.4687004,1636
-58.8312304,-27.4687004,1637
-58.8312304,-27.4687004,1638
-58.8312304,-27.4687004,1639
-58.8089124,-27.9542622,1640
-57.0861369,-29.7136574,1641
-58.7884026,-30.0832901,1642
-59.2649825,-29.1444046,1644
-58.8312304,-27.4687004,1645
-58.8312304,-27.4687004,1646
-58.8312304,-27.4687004,1647
-58.8312304,-27.4687004,1648
-59.5340904,-30.0170807,1649
-59.5340904,-30.0170807,1650
-56.6893413,-27.5896182,1651
-58.8312304,-27.4687004,1652
-58.8312304,-27.4687004,1653
-58.8312304,-27.4687004,1654
-58.8312304,-27.4687004,1655
-58.8312304,-27.4687004,1656
-58.8312304,-27.4687004,1657
-58.8312304,-27.4687004,1658
-56.0351419,-28.5497034,1660
-59.0452284,-28.5073653,1661
-58.8312304,-27.4687004,1662
-58.8312304,-27.4687004,1663
-58.8312304,-27.4687004,1664
-59.2649825,-29.1444046,1665
-59.2649825,-29.1444046,1666
-58.0799951,-29.1835645,1667
-58.8312304,-27.4687004,1668
-58.8312304,-27.4687004,1669
-58.0498307,-29.7913375,1670
-58.8312304,-27.4687004,1671
-58.7884026,-30.0832901,1672
-59.0452284,-28.5073653,1674
-58.8312304,-27.4687004,1676
-58.8312304,-27.4687004,1677
-59.2649825,-29.1444046,1678
-59.2649825,-29.1444046,1679
-58.8312304,-27.4687004,1680
-58.8312304,-27.4687004,1681
-58.8312304,-27.4687004,1682
-58.8312304,-27.4687004,1683
-58.8312304,-27.4687004,1684
-58.8312304,-27.4687004,1685
-57.0861369,-29.7136574,1686
-56.0351419,-28.5497034,1687
-58.8312304,-27.4687004,1688
-58.8312304,-27.4687004,1690
-58.8312304,-27.4687004,1691
-58.8312304,-27.4687004,1692
-58.8089124,-27.9542622,1693
-59.5340904,-30.0170807,1694
-58.8312304,-27.4687004,1695
-58.8312304,-27.4687004,1696
-59.2649825,-29.1444046,1697
-56.6893413,-27.5896182,1698
-58.8312304,-27.4687004,1699
-58.8312304,-27.4687004,1701
-57.6229402670592,-27.4778024,1702
-58.8312304,-27.4687004,1703
-56.0239577271718,-28.0465887,1704
-58.8312304,-27.4687004,1705
-59.2649825,-29.1444046,1706
-58.0799951,-29.1835645,1707
-58.0799951,-29.1835645,1708
-58.8312304,-27.4687004,1709
-58.8312304,-27.4687004,1710
-58.8312304,-27.4687004,1711
-58.8312304,-27.4687004,1712
-58.8312304,-27.4687004,1713
-58.8108936,-27.5111976,1714
-58.8108936,-27.5111976,1715
-58.8312304,-27.4687004,1716
-58.8312304,-27.4687004,1717
-59.2649825,-29.1444046,1718
-58.8312304,-27.4687004,1719
-58.8312304,-27.4687004,1720
-58.8312304,-27.4687004,1721
-58.8312304,-27.4687004,1722
-58.8312304,-27.4687004,1723
-58.0799951,-29.1835645,1724
-58.8312304,-27.4687004,1725
-58.6270109045891,-28.2787552,1726
-58.8312304,-27.4687004,1727
-58.8312304,-27.4687004,1728
-58.8312304,-27.4687004,1729
-58.8312304,-27.4687004,1731
-58.8312304,-27.4687004,1732
-58.8312304,-27.4687004,1733
-58.8312304,-27.4687004,1734
-58.242766,-27.2690228,1735
-58.8312304,-27.4687004,1736
-58.5271899530599,-28.9017104,1737
-58.8312304,-27.4687004,1738
-58.8312304,-27.4687004,1739
-58.8312304,-27.4687004,1740
-58.8312304,-27.4687004,1741
-59.2649825,-29.1444046,1742
-58.8089124,-27.9542622,1743
-58.8312304,-27.4687004,1744
-58.8312304,-27.4687004,1745
-58.0498307,-29.7913375,1746
-58.7884026,-30.0832901,1747
-58.1796593505817,-27.67001075,1748
-58.8312304,-27.4687004,1749
-58.8312304,-27.4687004,1750
-58.8312304,-27.4687004,1751
-58.0498307,-29.7913375,1752
-59.0452284,-28.5073653,1753
-58.8312304,-27.4687004,1754
-58.8312304,-27.4687004,1755
-57.0861369,-29.7136574,1756
-58.8312304,-27.4687004,1757
-58.8312304,-27.4687004,1758
-58.8312304,-27.4687004,1759
-58.6270109045891,-28.2787552,1760
-58.8312304,-27.4687004,1761
-57.0861369,-29.7136574,1762
-58.8312304,-27.4687004,1763
-59.2649825,-29.1444046,1764
-58.8312304,-27.4687004,1765
-58.8312304,-27.4687004,1766
-58.8312304,-27.4687004,1767
-58.8312304,-27.4687004,1768
-58.8312304,-27.4687004,1769
-58.0498307,-29.7913375,1770
-58.8312304,-27.4687004,1771
-58.8312304,-27.4687004,1772
-58.8312304,-27.4687004,1773
-58.8312304,-27.4687004,1774
-58.8312304,-27.4687004,1775
-58.8312304,-27.4687004,1776
-58.8312304,-27.4687004,1777
-58.8312304,-27.4687004,1778
-58.8312304,-27.4687004,1779
-58.8312304,-27.4687004,1780
-58.8312304,-27.4687004,1781
-58.8312304,-27.4687004,1782
-57.0861369,-29.7136574,1783
-58.8312304,-27.4687004,1784
-58.8312304,-27.4687004,1785
-58.8312304,-27.4687004,1786
-58.8312304,-27.4687004,1789
-58.8312304,-27.4687004,1790
-58.8312304,-27.4687004,1791
-58.1796593505817,-27.67001075,1792
-59.2649825,-29.1444046,1793
-58.8312304,-27.4687004,1794
-58.8312304,-27.4687004,1795
-58.0498307,-29.7913375,1796
-58.0498307,-29.7913375,1797
-58.8312304,-27.4687004,1798
-58.8312304,-27.4687004,1799
-58.8312304,-27.4687004,1800
-58.8312304,-27.4687004,1802
-58.8312304,-27.4687004,1803
-58.8312304,-27.4687004,1804
-58.8312304,-27.4687004,1805
-58.8312304,-27.4687004,1806
-58.8312304,-27.4687004,1807
-57.0861369,-29.7136574,1808
-58.0498307,-29.7913375,1809
-58.8312304,-27.4687004,1810
-58.8312304,-27.4687004,1811
-57.0861369,-29.7136574,1812
-59.1006988,-28.9897454,1813
-58.8312304,-27.4687004,1814
-58.8312304,-27.4687004,1815
-58.8312304,-27.4687004,1816
-58.8312304,-27.4687004,1817
-58.8312304,-27.4687004,1818
-58.8312304,-27.4687004,1819
-58.8312304,-27.4687004,1820
-58.8312304,-27.4687004,1821
-56.6427403,-29.1761325,1822
-59.2649825,-29.1444046,1823
-58.8312304,-27.4687004,1824
-58.8312304,-27.4687004,1825
-58.8312304,-27.4687004,1827
-58.8312304,-27.4687004,1829
-58.8312304,-27.4687004,1830
-58.8312304,-27.4687004,1831
-60.9509440416667,-34.5981973333333,1832
-59.0202995857143,-34.0982958428571,1833
-60.3855889,-36.3789925,1835
-60.2871372166667,-35.0314561833333,1836
-60.3855889,-36.3789925,1837
-61.5276560673469,-34.8668606938775,1839
-60.0043644,-33.4865415,1840
-60.3855889,-36.3789925,1841
-60.3855889,-36.3789925,1842
-60.8784048,-35.432302,1844
-60.3855889,-36.3789925,1845
-60.3855889,-36.3789925,1846
-60.3855889,-36.3789925,1847
-60.9668395,-34.5739033333333,1850
-58.7880210918367,-34.6517011183673,1852
-58.9088145,-34.5983527,1853
-58.4855185714286,-34.628229877551,1854
-58.3682426183673,-34.6657003734694,1856
-60.3855889,-36.3789925,1857
-60.3855889,-36.3789925,1858
-60.3855889,-36.3789925,1859
-61.5402441,-34.4932507,1860
-60.24756275,-34.2969489166667,1861
-58.9065899,-34.2291241,1862
-58.4855337142857,-34.6281990612245,1863
-60.2441732,-33.3174291,1866
-60.0233243333333,-34.9046437416667,1867
-59.855991,-36.7813619,1868
-60.3855889,-36.3789925,1869
-59.1089293102041,-34.5577487326531,1871
-60.0086758916667,-34.8891199583333,1872
-60.023615525,-34.900692725,1875
-61.5281922,-34.85742,1876
-60.0153499875,-34.8944234541667,1877
-58.4866209387755,-34.6264961020408,1878
-58.3712239081633,-34.6028597897959,1879
-62.2881491,-38.7236445,1880
-58.3892891673469,-34.6082746693878,1881
-60.9494042,-34.5977486,1882
-59.7918085,-34.1722917,1884
-60.9499605416667,-34.60194275,1885
-58.9065899,-34.2291241,1886
-60.3855889,-36.3789925,1888
-58.8359342,-34.7818364,1889
-60.4741799416667,-34.6416510916667,1890
-60.9494042,-34.5977486,1891
-58.4867410142475,-34.6259181238711,1892
-61.538255,-34.493142,1895
-60.0227987333333,-34.8975068666667,1896
-60.3855889,-36.3789925,1898
-60.3855889,-36.3789925,1899
-59.665470722449,-33.6821985979592,1901
-60.4681752,-34.64697545,1902
-59.8074713,-34.3794224,1903
-61.5379892,-34.8638633,1904
-60.3855889,-36.3789925,1905
-60.1177529,-34.0625154,1906
-60.4715103333333,-34.6405859666667,1907
-60.3855889,-36.3789925,1908
-60.7319981043428,-34.1962600464545,1909
-60.3855889,-36.3789925,1910
-60.3855889,-36.3789925,1911
-60.3855889,-36.3789925,1912
-60.3855889,-36.3789925,1914
-60.3855889,-36.3789925,1915
-60.5745557,-33.8947147,1916
-58.4279539489796,-34.621919277551,1917
-60.3855889,-36.3789925,1918
-60.3855889,-36.3789925,1919
-60.9434186666667,-34.5959563333333,1920
-60.3855889,-36.3789925,1922
-60.3855889,-36.3789925,1923
-60.4855532142857,-35.1242190265306,1924
-60.3855889,-36.3789925,1925
-60.3855889,-36.3789925,1926
-60.3855889,-36.3789925,1927
-60.3855889,-36.3789925,1928
-60.3855889,-36.3789925,1929
-60.3855889,-36.3789925,1930
-60.3855889,-36.3789925,1931
-60.571087,-33.8945993,1932
-60.3855889,-36.3789925,1933
-60.3855889,-36.3789925,1934
-60.3855889,-36.3789925,1935
-60.3855889,-36.3789925,1936
-60.3855889,-36.3789925,1937
-60.93826775,-34.58312925,1938
-60.3855889,-36.3789925,1939
-60.3855889,-36.3789925,1940
-60.3855889,-36.3789925,1941
-60.3855889,-36.3789925,1942
-60.3855889,-36.3789925,1943
-60.3855889,-36.3789925,1944
-60.3855889,-36.3789925,1945
-61.9015055,-34.7649462,1946
-60.3855889,-36.3789925,1949
-60.3855889,-36.3789925,1950
-60.3855889,-36.3789925,1951
-60.3855889,-36.3789925,1952
-61.538255,-34.493142,1953
-60.3855889,-36.3789925,1954
-60.3855889,-36.3789925,1955
-60.3855889,-36.3789925,1956
-60.3855889,-36.3789925,1957
-60.3855889,-36.3789925,1958
-60.3855889,-36.3789925,1959
-60.3855889,-36.3789925,1960
-60.0083742375,-34.8888564375,1961
-60.3855889,-36.3789925,1962
-58.9088145,-34.5983527,1963
-60.3855889,-36.3789925,1965
-60.3855889,-36.3789925,1966
-58.906644,-34.4639478,1967
-60.3855889,-36.3789925,1968
-59.802208,-37.6699839,1970
-59.8634754,-36.7781674,1973
-63.1559607222222,-36.2709751161616,1974
-59.1382552265306,-37.3290384,1976
-60.3855889,-36.3789925,1977
-59.1333735122449,-37.3287733734694,1978
-59.1348674,-37.3476349,1980
-60.0191880265306,-36.023663344898,1981
-59.8535991,-36.7753893,1982
-59.8965254,-36.8058112,1983
-60.3855889,-36.3789925,1984
-62.7333219755102,-35.9703407714286,1985
-61.3672458673469,-35.6269800959184,1986
-59.1389915306122,-37.3192236612245,1988
-57.1340451,-37.0086176,1989
-60.3855889,-36.3789925,1990
-62.9721212897959,-35.4942875367347,1991
-59.139532444898,-37.327000722449,1993
-61.7508566857143,-36.6012956714286,1994
-60.3310220530612,-36.9020776142857,1995
-59.1303095673469,-37.3308622714286,1996
-59.104100875,-36.008683625,1997
-63.0173522285714,-35.0345793530612,1998
-60.3855889,-36.3789925,2001
-60.3218288795918,-36.8987400061224,2002
-60.3274791714286,-36.897572122449,2003
-60.3102494673469,-36.9036960714286,2004
-60.332107644898,-36.9067351183673,2006
-59.8518976,-36.7767088,2007
-59.8541690375,-36.7826669,2008
-61.8914501428571,-35.8037797857143,2009
-59.85749425,-36.7802510833333,2010
-60.3855889,-36.3789925,2011
-62.8681227,-36.4568247,2013
-63.2492612,-37.1631318,2016
-59.1406997,-37.3311029,2017
-59.0852775,-36.7737649,2018
-61.3541056653061,-35.6242879979592,2021
-61.9026147142857,-35.8160621061225,2022
-59.1324927306122,-37.327654477551,2023
-59.1303095673469,-37.3308622714286,2024
-59.1406997,-37.3311029,2025
-60.3174464428571,-36.8923249571429,2028
-60.3855889,-36.3789925,2029
-60.3855889,-36.3789925,2030
-60.3855889,-36.3789925,2031
-59.1261239428571,-37.3079002204082,2032
-60.3855889,-36.3789925,2033
-60.3855889,-36.3789925,2034
-60.3855889,-36.3789925,2035
-60.3855889,-36.3789925,2036
-60.3855889,-36.3789925,2037
-60.3855889,-36.3789925,2038
-60.3186324,-36.8914605571429,2039
-60.3855889,-36.3789925,2040
-60.3855889,-36.3789925,2041
-60.3855889,-36.3789925,2043
-60.3855889,-36.3789925,2044
-60.3855889,-36.3789925,2045
-60.3855889,-36.3789925,2046
-60.3855889,-36.3789925,2047
-60.3855889,-36.3789925,2048
-60.3855889,-36.3789925,2049
-60.3855889,-36.3789925,2050
-60.3855889,-36.3789925,2051
-63.1639770673469,-37.6859802673469,2052
-63.1624384122449,-37.6887206877551,2053
-60.3855889,-36.3789925,2054
-62.2344826387755,-38.7344851714286,2056
-60.3855889,-36.3789925,2058
-62.9836012166667,-40.8009737333333,2060
-61.9402535,-37.0636156,2062
-60.3855889,-36.3789925,2063
-62.6855686,-39.4584551,2065
-60.3855889,-36.3789925,2067
-60.3855889,-36.3789925,2068
-62.2948104306122,-38.7193211918367,2069
-60.3855889,-36.3789925,2070
-60.3855889,-36.3789925,2071
-60.3855889,-36.3789925,2072
-60.3855889,-36.3789925,2073
-62.2529247938775,-38.7178045163265,2075
-60.3855889,-36.3789925,2076
-62.2658621142857,-38.7101633428571,2078
-62.2634245510204,-38.7177059142857,2079
-62.08162038125,-38.8742364625,2080
-62.2545151416667,-38.7176665708333,2081
-60.3855889,-36.3789925,2082
-62.2672653428571,-38.7195336693878,2083
-60.3855889,-36.3789925,2084
-60.3855889,-36.3789925,2086
-60.3855889,-36.3789925,2087
-60.3855889,-36.3789925,2089
-60.3855889,-36.3789925,2090
-60.3855889,-36.3789925,2091
-60.3855889,-36.3789925,2092
-60.3855889,-36.3789925,2093
-62.7607769653061,-37.1805720591837,2095
-60.3855889,-36.3789925,2097
-62.2636748163265,-38.7110368265306,2098
-60.3855889,-36.3789925,2099
-62.2169226367347,-38.6902656571429,2100
-62.2424707058824,-38.7129729147059,2101
-60.3855889,-36.3789925,2102
-60.3855889,-36.3789925,2103
-62.263752377551,-38.7069596632653,2104
-62.2093557285714,-38.6973198857143,2105
-62.2680524877551,-38.7171423530612,2106
-62.2619150653061,-38.7378662142857,2108
-62.2794541052632,-38.7021879947368,2109
-62.2632147265306,-38.7242358734694,2111
-62.9889814,-40.7967789,2112
-62.235967,-38.7010589,2113
-62.0624765875,-38.8743321833333,2114
-60.3855889,-36.3789925,2115
-60.3855889,-36.3789925,2116
-62.0795144,-38.8847095,2117
-62.2845678,-38.7191641,2118
-62.2745796469388,-38.7220465183673,2119
-60.3855889,-36.3789925,2120
-62.2443116877551,-38.6985065163265,2121
-62.26835425,-38.7146359625,2122
-62.4065320387755,-37.6060260367347,2123
-60.3855889,-36.3789925,2124
-62.2775582653061,-38.7067589285714,2125
-60.3855889,-36.3789925,2126
-62.2703898142857,-38.7249929469388,2127
-62.9874967755102,-40.8008609244898,2129
-60.3855889,-36.3789925,2130
-62.248998,-38.7097525,2131
-60.3855889,-36.3789925,2132
-60.3855889,-36.3789925,2133
-62.2821426938776,-38.7047192244898,2134
-60.3855889,-36.3789925,2135
-61.9158601,-37.4565955,2136
-62.2443116877551,-38.6985065163265,2137
-60.3855889,-36.3789925,2138
-62.7684476102041,-37.5464714061224,2139
-60.335568677551,-36.9003797285714,2140
-60.3855889,-36.3789925,2141
-60.3855889,-36.3789925,2142
-62.2167941,-38.6998557,2143
-62.0808222653061,-38.8783636163265,2144
-60.3855889,-36.3789925,2145
-60.3855889,-36.3789925,2146
-60.3855889,-36.3789925,2147
-62.2611236714286,-38.7161663571429,2148
-60.3855889,-36.3789925,2149
-62.2593995346939,-38.7102234816327,2150
-62.2648421755102,-38.718844477551,2151
-60.276809844898,-38.383829377551,2152
-60.3855889,-36.3789925,2153
-62.2701439918367,-38.7222573510204,2154
-60.3855889,-36.3789925,2155
-60.3855889,-36.3789925,2156
-60.3855889,-36.3789925,2157
-62.2701439918367,-38.7222573510204,2158
-62.2641357428571,-38.708206122449,2159
-60.3855889,-36.3789925,2160
-62.2634245510204,-38.7177059142857,2161
-60.2868122612245,-38.373639622449,2163
-62.2613899428571,-38.708484577551,2164
-62.2389799510204,-38.7329627428571,2165
-60.3855889,-36.3789925,2166
-60.3855889,-36.3789925,2167
-60.3855889,-36.3789925,2169
-60.3855889,-36.3789925,2170
-62.2627171183673,-38.7074213265306,2171
-62.2848223166667,-38.702157,2172
-60.3855889,-36.3789925,2173
-60.3855889,-36.3789925,2174
-60.3855889,-36.3789925,2175
-60.3855889,-36.3789925,2176
-60.3855889,-36.3789925,2177
-60.3855889,-36.3789925,2178
-60.3855889,-36.3789925,2179
-60.3855889,-36.3789925,2180
-60.3855889,-36.3789925,2181
-60.3855889,-36.3789925,2183
-60.3855889,-36.3789925,2184
-60.3855889,-36.3789925,2185
-61.9451054,-37.4477372,2186
-60.3855889,-36.3789925,2187
-60.3855889,-36.3789925,2188
-60.3855889,-36.3789925,2189
-60.3855889,-36.3789925,2190
-60.3855889,-36.3789925,2191
-60.3855889,-36.3789925,2192
-60.3855889,-36.3789925,2193
-60.3855889,-36.3789925,2194
-60.3855889,-36.3789925,2195
-60.2743863285714,-38.3824906857143,2196
-60.3855889,-36.3789925,2197
-60.3855889,-36.3789925,2198
-62.2372820571429,-38.7363033142857,2200
-60.3855889,-36.3789925,2201
-60.3855889,-36.3789925,2202
-60.3855889,-36.3789925,2203
-60.3855889,-36.3789925,2204
-60.3855889,-36.3789925,2205
-60.3855889,-36.3789925,2206
-60.3855889,-36.3789925,2207
-60.3855889,-36.3789925,2208
-60.3855889,-36.3789925,2209
-60.3855889,-36.3789925,2210
-60.3855889,-36.3789925,2211
-61.9316681959184,-37.4555426306122,2212
-60.3855889,-36.3789925,2213
-60.3855889,-36.3789925,2214
-60.3855889,-36.3789925,2216
-60.3855889,-36.3789925,2217
-60.3855889,-36.3789925,2218
-62.5097293571429,-36.7581217,2219
-60.3855889,-36.3789925,2220
-60.3855889,-36.3789925,2221
-60.3855889,-36.3789925,2222
-61.9371745938776,-37.4537922959184,2224
-60.3855889,-36.3789925,2225
-60.3855889,-36.3789925,2226
-60.3855889,-36.3789925,2227
-60.3855889,-36.3789925,2228
-60.3855889,-36.3789925,2229
-60.3855889,-36.3789925,2231
-60.3855889,-36.3789925,2232
-60.3855889,-36.3789925,2233
-60.3855889,-36.3789925,2234
-56.8690823,-37.1109474,2235
-60.3855889,-36.3789925,2236
-57.5730051632653,-37.9527528979592,2238
-56.8551631,-37.1010293,2239
-57.5617977346939,-38.0186869387755,2241
-58.4830746836735,-37.1572543755102,2243
-56.6793573,-36.7229943,2244
-57.5852437,-37.940225,2245
-60.3855889,-36.3789925,2246
-57.5438428836735,-37.9999359612245,2248
-60.3855889,-36.3789925,2249
-58.491516022449,-37.1575552530612,2251
-60.3855889,-36.3789925,2253
-56.8704394,-37.1097554,2254
-56.9718967,-37.2649154,2255
-57.5581982040816,-38.008032244898,2256
-57.5550014081633,-37.9661775714286,2257
-56.9742489,-37.2569671,2258
-57.561801244898,-38.0131634489796,2259
-57.5662478571429,-37.9621381428571,2260
-56.6787929918367,-36.6801109836735,2261
-60.0305482666667,-34.8920015625,2262
-60.3855889,-36.3789925,2263
-56.8596277,-37.1185329,2265
-58.7369218,-38.5802266,2266
-58.7608881,-38.5811216,2267
-56.9865506,-37.2709026,2270
-56.9666264,-37.2520088,2272
-57.5821690408163,-38.0396501632653,2273
-58.0103509,-35.5752018,2275
-58.3583405469388,-34.6335615591837,2276
-57.5681948571429,-38.0034781020408,2277
-57.5700007959184,-38.0011655306122,2278
-57.5499603469388,-37.9843486734694,2279
-57.561801244898,-38.0131634489796,2280
-57.8022075,-36.0925588,2281
-58.268687244898,-34.7436933061224,2282
-58.7442814,-38.5507961,2283
-59.6106222,-38.3478419,2284
-58.6210950204082,-34.5565464489796,2285
-58.6722168,-34.5539619,2286
-60.3855889,-36.3789925,2287
-60.3855889,-36.3789925,2288
-57.549232,-38.025289,2289
-57.5538893877551,-37.9821008571429,2291
-60.3855889,-36.3789925,2292
-60.3855889,-36.3789925,2293
-60.3855889,-36.3789925,2294
-58.7442814,-38.5507961,2295
-58.7442814,-38.5507961,2296
-60.3855889,-36.3789925,2297
-60.3855889,-36.3789925,2298
-60.3855889,-36.3789925,2299
-57.5600626326531,-38.0089858979592,2300
-60.3855889,-36.3789925,2301
-60.3855889,-36.3789925,2302
-57.5558845714286,-38.0083199795918,2303
-57.5475263061224,-37.9894237755102,2304
-57.5577449591837,-37.9620258367347,2305
-60.3855889,-36.3789925,2307
-60.3855889,-36.3789925,2308
-57.9332214416667,-34.943228275,2309
-58.003721,-35.5815311,2310
-60.3855889,-36.3789925,2311
-58.3235315,-35.5139823,2312
-58.0382437,-34.8679985,2314
-57.9139252,-34.8594582,2315
-60.3855889,-36.3789925,2316
-60.3855889,-36.3789925,2318
-58.4277525333333,-34.6215571666667,2319
-57.6817580020408,-36.314080477551,2320
-60.3855889,-36.3789925,2321
-57.9733980708333,-34.956549375,2322
-60.3855889,-36.3789925,2323
-57.9555251,-34.9095981,2324
-58.4291891272727,-34.6159885929293,2325
-60.3855889,-36.3789925,2326
-60.3855889,-36.3789925,2327
-60.3855889,-36.3789925,2328
-60.3855889,-36.3789925,2329
-58.4249565734694,-34.6350882877551,2330
-58.4279217897959,-34.6279081571429,2331
-58.2790616161616,-34.734290020202,2332
-60.3855889,-36.3789925,2334
-58.0614174,-34.8703646,2335
-60.3855889,-36.3789925,2336
-60.3855889,-36.3789925,2337
-61.0434476,-34.9956168,2338
-58.8332278,-34.3833005,2339
-60.3855889,-36.3789925,2340
-58.5785534285714,-34.5505237142857,2341
-58.4285211897959,-34.6177050897959,2342
-60.3855889,-36.3789925,2343
-60.1930623,-33.3601212,2344
-60.3855889,-36.3789925,2345
-60.3855889,-36.3789925,2346
-60.3855889,-36.3789925,2347
-60.3855889,-36.3789925,2348
-60.3855889,-36.3789925,2349
-60.3855889,-36.3789925,2350
-59.3307251,-35.3998496,2351
-60.3855889,-36.3789925,2352
-60.3855889,-36.3789925,2353
-58.4283696,-34.6197928163265,2354
-59.0956567285714,-34.5629474387755,2355
-60.3855889,-36.3789925,2356
-60.3855889,-36.3789925,2357
-60.3855889,-36.3789925,2358
-60.3855889,-36.3789925,2359
-60.3855889,-36.3789925,2360
-60.3855889,-36.3789925,2362
-60.3855889,-36.3789925,2363
-57.9740432,-34.876457,2364
-57.9778245183673,-34.8898113877551,2366
-60.3855889,-36.3789925,2367
-60.3855889,-36.3789925,2368
-60.3855889,-36.3789925,2369
-60.5615014612245,-33.9001458040816,2370
-61.2858161061225,-38.7215236142857,2372
-60.3855889,-36.3789925,2373
-58.422286277551,-34.6432992,2374
-60.3855889,-36.3789925,2375
-60.3855889,-36.3789925,2376
-60.3855889,-36.3789925,2377
-60.3855889,-36.3789925,2378
-58.4278906625,-34.6209535625,2380
-58.4278906625,-34.6209535625,2381
-58.4251492244898,-34.6332933877551,2382
-60.3855889,-36.3789925,2383
-60.4556345755102,-34.6445824795918,2384
-60.3855889,-36.3789925,2385
-60.3855889,-36.3789925,2387
-58.3906721857143,-34.6126129897959,2388
-60.3855889,-36.3789925,2389
-60.3855889,-36.3789925,2390
-58.4278906625,-34.6209535625,2391
-60.3855889,-36.3789925,2392
-60.3855889,-36.3789925,2393
-57.5603475714286,-38.0343882653061,2395
-60.3855889,-36.3789925,2396
-60.3855889,-36.3789925,2397
-60.3855889,-36.3789925,2398
-60.3855889,-36.3789925,2399
-60.3855889,-36.3789925,2400
-60.3855889,-36.3789925,2402
-60.3855889,-36.3789925,2403
-60.3855889,-36.3789925,2405
-58.4261485,-34.630388,2406
-58.3712334510204,-34.6026189612245,2407
-60.3855889,-36.3789925,2408
-59.1056346746882,-34.2927689949446,2410
-61.0434476,-34.9956168,2411
-60.3855889,-36.3789925,2412
-57.8613641,-34.874739,2413
-60.3855889,-36.3789925,2414
-60.3855889,-36.3789925,2415
-60.3855889,-36.3789925,2416
-60.3855889,-36.3789925,2417
-60.3855889,-36.3789925,2418
-60.3855889,-36.3789925,2419
-57.9433110333333,-34.9375180333333,2420
-60.3855889,-36.3789925,2421
-60.3855889,-36.3789925,2422
-57.9583110875,-34.945401725,2425
-57.939214,-34.9263873625,2426
-57.8973353,-34.8590397,2427
-60.3855889,-36.3789925,2428
-60.3855889,-36.3789925,2429
-60.3855889,-36.3789925,2430
-60.3855889,-36.3789925,2431
-60.3855889,-36.3789925,2432
-58.4276754183673,-34.6233249591837,2434
-58.4548927755102,-34.5684077836735,2435
-60.3855889,-36.3789925,2437
-60.3855889,-36.3789925,2438
-58.4254758571429,-34.6320268163265,2440
-60.3855889,-36.3789925,2441
-58.0386938,-34.8679121,2442
-58.0392975,-34.8592968,2443
-58.075961,-34.8574219,2444
-58.4547611428571,-34.7544368571429,2445
-60.3855889,-36.3789925,2446
-60.3855889,-36.3789925,2447
-60.3855889,-36.3789925,2448
-60.3855889,-36.3789925,2449
-60.3855889,-36.3789925,2450
-60.3855889,-36.3789925,2451
-60.3855889,-36.3789925,2452
-57.6776499428571,-36.3171842714286,2453
-60.3855889,-36.3789925,2454
-58.0103509,-35.5752018,2456
-58.4275234489796,-34.6226620673469,2457
-57.9569802,-34.9124096666667,2458
-60.3855889,-36.3789925,2459
-58.4259775428571,-34.6311345857143,2460
-58.4256901428571,-34.6322368979592,2461
-60.3855889,-36.3789925,2462
-57.9139805,-34.8581957,2463
-60.3855889,-36.3789925,2464
-60.3855889,-36.3789925,2466
-58.4249565734694,-34.6350882877551,2467
-60.3855889,-36.3789925,2469
-59.1060126938775,-34.5465716530612,2471
-58.4265578979592,-34.6272287285714,2472
-60.3855889,-36.3789925,2473
-60.3855889,-36.3789925,2475
-60.3855889,-36.3789925,2476
-58.0611176,-34.8764665,2477
-60.3855889,-36.3789925,2478
-58.0379949,-34.8594662,2479
-60.3855889,-36.3789925,2481
-57.9778245183673,-34.8898113877551,2482
-60.3855889,-36.3789925,2483
-60.3855889,-36.3789925,2484
-60.3855889,-36.3789925,2485
-60.3855889,-36.3789925,2486
-58.5251686326531,-34.6908260816327,2488
-60.3855889,-36.3789925,2489
-57.8805827,-36.8647293,2490
-60.3855889,-36.3789925,2491
-60.3855889,-36.3789925,2493
-58.4271428630952,-34.6260574488095,2494
-58.447550125,-34.750727875,2495
-60.3855889,-36.3789925,2496
-60.3855889,-36.3789925,2497
-61.3052665,-34.3026849,2498
-57.9569802,-34.9124096666667,2499
-57.8070508,-36.0806843,2500
-58.4287462242424,-34.6168079626263,2501
-60.3855889,-36.3789925,2502
-58.4273848530612,-34.6233697979592,2503
-59.0991977,-35.1518346,2504
-57.5434168,-37.9190801,2506
-60.3855889,-36.3789925,2507
-60.3855889,-36.3789925,2508
-60.3855889,-36.3789925,2509
-60.3855889,-36.3789925,2511
-60.3855889,-36.3789925,2512
-60.3855889,-36.3789925,2513
-58.0814921,-34.882922,2514
-57.963059825,-34.935151825,2515
-58.4276754183673,-34.6233249591837,2516
-60.3855889,-36.3789925,2517
-60.3855889,-36.3789925,2518
-60.3855889,-36.3789925,2519
-58.4287110244898,-34.6180966938776,2520
-60.3855889,-36.3789925,2521
-60.3855889,-36.3789925,2522
-58.414930168,-34.59912768,2523
-58.4276809081633,-34.6232976040816,2524
-60.3855889,-36.3789925,2525
-60.3855889,-36.3789925,2526
-58.4280987326531,-34.6211557183673,2527
-60.3855889,-36.3789925,2528
-58.4285457653061,-34.6175934653061,2529
-58.4292779272727,-34.6155930373737,2530
-60.3855889,-36.3789925,2531
-58.0179397,-35.5642259,2533
-60.3855889,-36.3789925,2534
-60.3855889,-36.3789925,2535
-60.3855889,-36.3789925,2536
-60.3855889,-36.3789925,2537
-60.3855889,-36.3789925,2538
-60.3855889,-36.3789925,2539
-60.3855889,-36.3789925,2540
-60.3855889,-36.3789925,2541
-60.3855889,-36.3789925,2542
-60.3855889,-36.3789925,2543
-60.3855889,-36.3789925,2544
-60.3855889,-36.3789925,2545
-60.3855889,-36.3789925,2546
-60.3855889,-36.3789925,2547
-60.3855889,-36.3789925,2548
-57.9713152,-34.9345155,2549
-60.3855889,-36.3789925,2550
-60.3855889,-36.3789925,2552
-58.426949622449,-34.6255102959184,2553
-60.3855889,-36.3789925,2555
-57.9678596,-34.9290615,2556
-58.4252787755102,-34.6327916122449,2557
-57.9723461333333,-34.9428835666667,2558
-60.3855889,-36.3789925,2560
-60.3855889,-36.3789925,2561
-60.3855889,-36.3789925,2562
-60.3855889,-36.3789925,2563
-60.3855889,-36.3789925,2564
-60.3855889,-36.3789925,2565
-60.0330390571429,-34.8910695857143,2566
-60.3855889,-36.3789925,2567
-60.3855889,-36.3789925,2568
-58.428121355102,-34.6210364122449,2569
-60.3855889,-36.3789925,2570
-60.3855889,-36.3789925,2571
-58.4270676809524,-34.6263907380952,2572
-60.3855889,-36.3789925,2573
-60.3855889,-36.3789925,2574
-60.4564927693878,-34.645470144898,2575
-61.9696047428571,-35.1456592428571,2576
-60.3855889,-36.3789925,2577
-60.3855889,-36.3789925,2578
-60.3855889,-36.3789925,2579
-60.3855889,-36.3789925,2580
-60.3855889,-36.3789925,2581
-58.4281530265306,-34.6208693836735,2582
-60.3855889,-36.3789925,2585
-60.3855889,-36.3789925,2586
-60.3855889,-36.3789925,2587
-60.3855889,-36.3789925,2588
-60.3855889,-36.3789925,2589
-60.3855889,-36.3789925,2590
-60.3855889,-36.3789925,2591
-58.4273955142857,-34.6233153571429,2592
-60.3855889,-36.3789925,2593
-60.3855889,-36.3789925,2594
-60.3855889,-36.3789925,2595
-60.3855889,-36.3789925,2596
-60.3855889,-36.3789925,2597
-60.3855889,-36.3789925,2598
-56.8720654,-37.1001649,2599
-60.3855889,-36.3789925,2600
-60.3855889,-36.3789925,2601
-60.3855889,-36.3789925,2602
-60.3855889,-36.3789925,2603
-60.3855889,-36.3789925,2604
-60.3855889,-36.3789925,2605
-60.3855889,-36.3789925,2606
-60.3855889,-36.3789925,2607
-60.3855889,-36.3789925,2608
-58.395629722449,-34.5889325367347,2609
-60.3855889,-36.3789925,2611
-60.3855889,-36.3789925,2612
-60.3855889,-36.3789925,2613
-60.3855889,-36.3789925,2614
-60.3855889,-36.3789925,2615
-60.3855889,-36.3789925,2616
-60.3855889,-36.3789925,2617
-60.3855889,-36.3789925,2618
-60.3855889,-36.3789925,2619
-60.3855889,-36.3789925,2620
-60.3855889,-36.3789925,2622
-58.4264595306122,-34.6287670816327,2623
-60.3855889,-36.3789925,2624
-60.3855889,-36.3789925,2625
-60.3855889,-36.3789925,2626
-60.3855889,-36.3789925,2627
-60.3855889,-36.3789925,2628
-60.3855889,-36.3789925,2629
-60.3855889,-36.3789925,2630
-60.3855889,-36.3789925,2631
-60.3855889,-36.3789925,2632
-60.3855889,-36.3789925,2633
-60.3855889,-36.3789925,2634
-60.3855889,-36.3789925,2635
-60.3855889,-36.3789925,2636
-60.3855889,-36.3789925,2637
-60.3855889,-36.3789925,2638
-60.3855889,-36.3789925,2639
-60.3855889,-36.3789925,2640
-61.1101008,-36.23212,2641
-60.3855889,-36.3789925,2642
-60.3855889,-36.3789925,2643
-60.3855889,-36.3789925,2644
-60.3855889,-36.3789925,2645
-60.3855889,-36.3789925,2646
-60.3855889,-36.3789925,2647
-58.428570544898,-34.6187930265306,2648
-60.3855889,-36.3789925,2649
-60.3855889,-36.3789925,2650
-60.3855889,-36.3789925,2651
-60.3855889,-36.3789925,2652
-59.096573955102,-35.1858526285714,2653
-58.2749734,-34.8015817,2654
-60.3855889,-36.3789925,2655
-60.3855889,-36.3789925,2656
-60.3855889,-36.3789925,2657
-60.3855889,-36.3789925,2658
-60.3855889,-36.3789925,2659
-60.3855889,-36.3789925,2660
-58.257579125,-34.7197715833333,2661
-58.3042226,-34.7322488,2662
-59.5147133,-35.5079056,2663
-60.3855889,-36.3789925,2665
-60.3855889,-36.3789925,2666
-60.3855889,-36.3789925,2667
-60.3855889,-36.3789925,2668
-60.3855889,-36.3789925,2669
-58.2698219,-34.8108196,2670
-60.3855889,-36.3789925,2671
-58.253716,-34.72842775,2672
-58.2714491857143,-34.8126555285714,2673
-60.3855889,-36.3789925,2674
-60.3855889,-36.3789925,2675
-58.4177185061224,-34.6054781734694,2676
-60.3855889,-36.3789925,2677
-60.3855889,-36.3789925,2678
-58.2926771,-34.7092607,2679
-58.252816,-34.720946,2681
-58.285577,-34.7137421,2682
-59.3321136,-35.3982998,2683
-60.3855889,-36.3789925,2684
-60.3855889,-36.3789925,2685
-58.2827506,-34.7182221,2686
-60.3855889,-36.3789925,2687
-60.3855889,-36.3789925,2688
-60.3855889,-36.3789925,2689
-60.3855889,-36.3789925,2690
-60.3855889,-36.3789925,2691
-58.2026945,-34.7591199,2692
-59.0951029,-35.1884041,2693
-59.0960774,-35.1935847,2694
-58.2105143,-34.7533495,2695
-59.096573955102,-35.1858526285714,2696
-58.2326034153533,-34.7331922,2697
-60.3855889,-36.3789925,2698
-59.7811209183673,-35.6369736326531,2699
-60.3855889,-36.3789925,2700
-60.3855889,-36.3789925,2701
-60.3855889,-36.3789925,2702
-60.3855889,-36.3789925,2703
-58.3159403673469,-34.6986673632653,2704
-60.3855889,-36.3789925,2705
-60.3855889,-36.3789925,2706
-60.3855889,-36.3789925,2707
-60.3855889,-36.3789925,2708
-59.0951029,-35.1884041,2710
-58.2026945,-34.7591199,2711
-58.346756677551,-34.6507366204082,2712
-58.3634441666667,-34.6622921757576,2713
-60.3855889,-36.3789925,2714
-60.3855889,-36.3789925,2715
-60.3855889,-36.3789925,2716
-58.3690569,-34.9266084,2717
-60.3855889,-36.3789925,2718
-60.3855889,-36.3789925,2719
-60.3855889,-36.3789925,2720
-60.3855889,-36.3789925,2721
-60.3855889,-36.3789925,2722
-58.402047622449,-34.7655120795918,2723
-60.3855889,-36.3789925,2724
-60.3855889,-36.3789925,2725
-58.4578375510204,-34.8163251020408,2726
-60.3855889,-36.3789925,2727
-58.3950262204082,-34.7966079244898,2728
-58.3952461,-34.7456019,2729
-60.3855889,-36.3789925,2730
-60.3855889,-36.3789925,2731
-60.3855889,-36.3789925,2733
-58.4018627285714,-34.7656094571429,2734
-60.3855889,-36.3789925,2735
-58.4714216,-34.8146534,2736
-60.3855889,-36.3789925,2737
-58.5262686,-34.6116239,2738
-58.4041915,-34.7803063,2739
-58.5312444,-34.8580931,2740
-60.3855889,-36.3789925,2741
-60.3855889,-36.3789925,2742
-58.3923909489796,-34.7983916469388,2744
-58.3880724408163,-34.7427827285714,2745
-60.3855889,-36.3789925,2746
-60.3855889,-36.3789925,2747
-60.3855889,-36.3789925,2748
-60.3855889,-36.3789925,2749
-60.3855889,-36.3789925,2750
-58.4086396122449,-34.7557492040816,2751
-58.4391171632653,-34.626893755102,2752
-60.3855889,-36.3789925,2753
-58.3583657142857,-34.794865522449,2754
-58.4086396122449,-34.7557492040816,2755
-60.3855889,-36.3789925,2756
-60.3855889,-36.3789925,2757
-58.4123409795918,-34.755445244898,2758
-60.3855889,-36.3789925,2759
-60.3855889,-36.3789925,2760
-58.3925744693878,-34.7048196938776,2761
-60.3855889,-36.3789925,2763
-60.3855889,-36.3789925,2764
-60.3855889,-36.3789925,2765
-58.4308641,-35.0224606,2767
-58.3739754,-34.8533711,2768
-58.4046686530612,-34.7557779795918,2769
-60.3855889,-36.3789925,2770
-60.3855889,-36.3789925,2771
-58.4638028571429,-34.8268365102041,2772
-58.3840908080808,-34.7827166060606,2773
-60.3855889,-36.3789925,2774
-58.4018627285714,-34.7656094571429,2775
-60.3855889,-36.3789925,2776
-60.3855889,-36.3789925,2778
-60.3855889,-36.3789925,2779
-60.3855889,-36.3789925,2780
-58.3888874489796,-34.7664893265306,2781
-60.3855889,-36.3789925,2782
-60.3855889,-36.3789925,2783
-60.3855889,-36.3789925,2784
-60.3855889,-36.3789925,2785
-60.3855889,-36.3789925,2788
-60.3855889,-36.3789925,2789
-60.3855889,-36.3789925,2790
-58.4057872653061,-34.7561612857143,2791
-60.3855889,-36.3789925,2792
-60.3855889,-36.3789925,2793
-60.3855889,-36.3789925,2794
-58.7565264,-34.5221731,2795
-60.3855889,-36.3789925,2796
-60.3855889,-36.3789925,2797
-60.3855889,-36.3789925,2801
-60.3855889,-36.3789925,2802
-58.489577,-34.631097,2803
-58.594169,-34.7117788571429,2804
-60.3855889,-36.3789925,2805
-58.7294532,-34.6713268,2806
-60.3855889,-36.3789925,2807
-58.6692039,-34.5584632,2808
-58.6145766,-34.6439589,2809
-60.3855889,-36.3789925,2811
-60.3855889,-36.3789925,2813
-58.4963544041667,-34.6020962083333,2814
-58.6463477,-34.6527863,2815
-58.695091,-34.6700184,2816
-60.3855889,-36.3789925,2817
-60.3855889,-36.3789925,2818
-60.3855889,-36.3789925,2819
-60.3855889,-36.3789925,2821
-58.6109855734694,-34.6690065408163,2822
-58.724825,-34.6685328,2824
-58.7532145,-34.6603703,2825
-58.5744123,-34.6597886,2826
-58.5408829571429,-34.6015101469388,2827
-58.6215526,-34.6416302,2828
-60.3855889,-36.3789925,2829
-60.3855889,-36.3789925,2830
-60.3855889,-36.3789925,2831
-60.3855889,-36.3789925,2832
-58.5455383,-34.6738205,2833
-60.3855889,-36.3789925,2834
-58.5485821816327,-34.6536303673469,2835
-58.6404319,-34.5807863,2836
-60.3855889,-36.3789925,2837
-60.3855889,-36.3789925,2838
-58.8085922,-34.7076635,2839
-60.3855889,-36.3789925,2840
-60.3855889,-36.3789925,2842
-60.3855889,-36.3789925,2843
-60.3855889,-36.3789925,2844
-60.3855889,-36.3789925,2846
-60.3855889,-36.3789925,2847
-60.3855889,-36.3789925,2848
-58.5651717,-34.6397082,2849
-60.3855889,-36.3789925,2850
-60.3855889,-36.3789925,2851
-58.6402694,-34.5957429,2852
-60.3855889,-36.3789925,2853
-60.3855889,-36.3789925,2855
-60.3855889,-36.3789925,2856
-58.5481721836735,-34.6574040204082,2858
-58.5751506,-34.6353136,2859
-58.6215526,-34.6416302,2860
-60.3855889,-36.3789925,2861
-58.6257979,-34.5925084,2862
-60.3855889,-36.3789925,2863
-58.8370893469388,-34.7803882653061,2864
-58.5876395510204,-34.6615967142857,2866
-60.3855889,-36.3789925,2869
-60.3855889,-36.3789925,2870
-60.3855889,-36.3789925,2871
-60.3855889,-36.3789925,2872
-58.490162244898,-34.5581796530612,2873
-60.3855889,-36.3789925,2874
-58.6145766,-34.6439589,2875
-60.3855889,-36.3789925,2876
-58.6231358,-34.5930758,2877
-60.3855889,-36.3789925,2879
-60.3855889,-36.3789925,2880
-58.6263275469388,-34.6523342857143,2881
-60.3855889,-36.3789925,2882
-58.7364572,-34.6694191,2883
-58.6033228,-34.6549107,2884
-60.3855889,-36.3789925,2886
-60.3855889,-36.3789925,2889
-58.7322411,-34.6579759,2891
-60.3855889,-36.3789925,2892
-58.6284658,-34.6364537,2893
-58.6345949,-34.6541083,2894
-58.6580502,-34.6534854,2895
-60.3855889,-36.3789925,2896
-60.3855889,-36.3789925,2900
-60.3855889,-36.3789925,2901
-60.3855889,-36.3789925,2902
-60.3855889,-36.3789925,2903
-58.5438595,-34.6639357,2904
-60.3855889,-36.3789925,2905
-60.3855889,-36.3789925,2906
-58.6587315,-34.3958924,2907
-60.3855889,-36.3789925,2908
-60.3855889,-36.3789925,2909
-58.6082803,-34.6668918,2910
-60.3855889,-36.3789925,2911
-58.5610037163265,-34.6756513081633,2912
-58.5622344187221,-34.6442231259911,2913
-60.3855889,-36.3789925,2914
-58.5616369,-34.6827521,2915
-60.3855889,-36.3789925,2916
-58.5181555239278,-34.6707791383747,2917
-60.3855889,-36.3789925,2918
-60.3855889,-36.3789925,2919
-60.3855889,-36.3789925,2920
-58.7294532,-34.6713268,2921
-58.6109722693878,-34.6692048163265,2924
-60.3855889,-36.3789925,2925
-58.5934981,-34.620778,2926
-60.3855889,-36.3789925,2927
-58.4332366346939,-34.5757698591837,2928
-60.3855889,-36.3789925,2929
-60.3855889,-36.3789925,2930
-58.6221248857143,-34.6503814428571,2932
-58.7152292,-34.6497536,2933
-60.3855889,-36.3789925,2934
-60.3855889,-36.3789925,2935
-60.3855889,-36.3789925,2936
-60.3855889,-36.3789925,2937
-60.3855889,-36.3789925,2938
-60.3855889,-36.3789925,2939
-60.3855889,-36.3789925,2940
-60.3855889,-36.3789925,2941
-60.3855889,-36.3789925,2942
-60.3855889,-36.3789925,2943
-60.3855889,-36.3789925,2944
-60.3855889,-36.3789925,2945
-60.3855889,-36.3789925,2946
-60.3855889,-36.3789925,2947
-60.3855889,-36.3789925,2948
-60.3855889,-36.3789925,2949
-58.6029765,-34.628495,2950
-58.6981435825885,-34.662639,2951
-58.6324975,-34.5894757,2952
-60.3855889,-36.3789925,2953
-60.3855889,-36.3789925,2954
-60.3855889,-36.3789925,2955
-60.3855889,-36.3789925,2956
-60.3855889,-36.3789925,2958
-60.3855889,-36.3789925,2959
-60.3855889,-36.3789925,2960
-60.3855889,-36.3789925,2961
-60.3855889,-36.3789925,2962
-58.5151968367347,-34.6061731020408,2963
-58.7103082,-34.5473382,2964
-60.3855889,-36.3789925,2965
-58.7082058,-34.4968142,2966
-58.5427490833333,-34.6372256666667,2967
-60.3855889,-36.3789925,2968
-60.3855889,-36.3789925,2969
-60.3855889,-36.3789925,2970
-60.3855889,-36.3789925,2971
-60.3855889,-36.3789925,2972
-60.3855889,-36.3789925,2973
-58.5573372857143,-34.5546898571429,2974
-60.3855889,-36.3789925,2975
-58.5537292424242,-34.5544692323232,2977
-58.7198095,-34.5549618,2978
-60.3855889,-36.3789925,2979
-58.4441133061225,-34.6224720612245,2980
-60.3855889,-36.3789925,2981
-60.3855889,-36.3789925,2982
-58.6777661,-34.5641321,2983
-60.3855889,-36.3789925,2984
-58.5427490833333,-34.6372256666667,2985
-58.4814172854595,-34.6393986063784,2986
-58.751126,-34.467172,2988
-60.3855889,-36.3789925,2989
-58.3786464693878,-34.6191762591837,2990
-58.5147523857143,-34.6502900489796,2991
-60.3855889,-36.3789925,2994
-60.3855889,-36.3789925,2995
-58.6908061,-34.5501144,2998
-60.3855889,-36.3789925,2999
-58.5557742121212,-34.543695,3001
-58.8316669,-34.779636,3002
-60.3855889,-36.3789925,3004
-60.3855889,-36.3789925,3006
-58.5427490833333,-34.6372256666667,3007
-58.513199,-34.5866176153846,3009
-60.3855889,-36.3789925,3011
-58.5427490833333,-34.6372256666667,3012
-60.3855889,-36.3789925,3013
-58.5317667,-34.5469892,3014
-60.3855889,-36.3789925,3015
-58.5412072857143,-34.6276038571429,3016
-58.5546135,-34.5310981666667,3017
-60.3855889,-36.3789925,3018
-58.4774166734694,-34.5297123877551,3019
-58.4774166734694,-34.5297123877551,3020
-58.5410081632653,-34.5776231632653,3021
-60.3855889,-36.3789925,3023
-60.3855889,-36.3789925,3024
-60.3855889,-36.3789925,3025
-58.5643426326531,-34.6117768163265,3027
-60.3855889,-36.3789925,3028
-60.3855889,-36.3789925,3030
-60.3855889,-36.3789925,3031
-59.0940106204082,-35.1862985979592,3032
-60.3855889,-36.3789925,3033
-58.4866856326531,-34.5074239795918,3034
-60.3855889,-36.3789925,3035
-60.3855889,-36.3789925,3036
-58.4482712653061,-34.5791804285714,3037
-58.5192171428571,-34.5391191428571,3038
-60.3855889,-36.3789925,3039
-58.6178094510204,-34.4875922979592,3040
-58.5037068,-34.53437,3041
-58.6285334,-34.4572263,3042
-58.4142977081633,-34.5853876306122,3043
-60.3855889,-36.3789925,3044
-58.4896867571429,-34.5112384285714,3045
-60.3855889,-36.3789925,3046
-58.5577142714286,-34.4433729714286,3047
-60.3855889,-36.3789925,3048
-60.3855889,-36.3789925,3049
-60.3855889,-36.3789925,3050
-58.489233375,-34.520302375,3051
-60.3855889,-36.3789925,3052
-60.3855889,-36.3789925,3053
-58.4020790795918,-34.6131824530612,3054
-60.3855889,-36.3789925,3055
-60.3855889,-36.3789925,3056
-60.3855889,-36.3789925,3057
-60.3855889,-36.3789925,3058
-58.4952064489796,-34.5019658469388,3059
-58.4877916122449,-34.5057851836735,3060
-60.3855889,-36.3789925,3062
-58.4916244285714,-34.5210403571429,3063
-60.3855889,-36.3789925,3065
-60.3855889,-36.3789925,3066
-60.3855889,-36.3789925,3067
-60.3855889,-36.3789925,3068
-58.4960682653061,-34.5658744081633,3069
-59.1081971,-34.5610509,3070
-58.4286338734694,-34.6247253877551,3071
-60.3855889,-36.3789925,3072
-58.7950469346939,-34.3462742367347,3073
-60.3855889,-36.3789925,3074
-60.3855889,-36.3789925,3075
-60.3855889,-36.3789925,3076
-60.3855889,-36.3789925,3077
-58.7950469346939,-34.3462742367347,3078
-60.3855889,-36.3789925,3079
-58.7833175,-34.3346592,3080
-60.3855889,-36.3789925,3081
-58.4980179387755,-34.5255676530612,3082
-58.5092045102041,-34.5005008367347,3083
-60.3855889,-36.3789925,3084
-60.3855889,-36.3789925,3085
-60.3855889,-36.3789925,3086
-58.9127523081633,-34.458075744898,3087
-58.4340357083333,-34.574369575,3088
-58.5327759183673,-34.4797233877551,3089
-58.4482114,-34.5810842,3090
-58.4984877692308,-34.5121012307692,3091
-60.3855889,-36.3789925,3092
-60.3855889,-36.3789925,3093
-58.7947753,-34.3452454,3094
-60.3855889,-36.3789925,3095
-58.4807464897959,-34.5355296734694,3097
-58.4900625510204,-34.5101415510204,3098
-58.5118684285714,-34.4887252857143,3100
-58.2814105,-34.7745276,3102
-60.3855889,-36.3789925,3103
-60.3855889,-36.3789925,3104
-60.3855889,-36.3789925,3105
-58.5309043265306,-34.533785,3106
-58.4075497,-34.5898752,3107
-58.4774493959184,-34.5343030816327,3108
-58.489233375,-34.520302375,3109
-60.3855889,-36.3789925,3110
-58.4064180408163,-34.6039728734694,3111
-58.4471723163265,-34.5959304571429,3112
-58.4470039755102,-34.5547023897959,3113
-58.5109171695934,-34.5384053501109,3114
-58.4602502142857,-34.5497554142857,3115
-60.3855889,-36.3789925,3116
-58.3922901102041,-34.6064403795918,3117
-60.3855889,-36.3789925,3118
-60.3855889,-36.3789925,3119
-60.3855889,-36.3789925,3120
-60.3855889,-36.3789925,3121
-60.3855889,-36.3789925,3122
-60.3855889,-36.3789925,3123
-60.3855889,-36.3789925,3124
-60.3855889,-36.3789925,3125
-58.5603182,-34.4418867,3126
-58.482154244898,-34.5351693673469,3127
-58.487083244898,-34.5060689387755,3128
-60.3855889,-36.3789925,3129
-60.3855889,-36.3789925,3130
-60.3855889,-36.3789925,3131
-60.3855889,-36.3789925,3132
-60.3855889,-36.3789925,3133
-60.3855889,-36.3789925,3134
-60.3855889,-36.3789925,3135
-60.3855889,-36.3789925,3137
-60.3855889,-36.3789925,3138
-58.4075349612245,-34.5889948387755,3139
-60.3855889,-36.3789925,3140
-60.3855889,-36.3789925,3142
-60.3855889,-36.3789925,3143
-60.3855889,-36.3789925,3144
-58.4806814675676,-34.504787127027,3145
-58.4684617346939,-34.5569597142857,3146
-60.3855889,-36.3789925,3147
-60.3855889,-36.3789925,3148
-60.3855889,-36.3789925,3149
-60.3855889,-36.3789925,3150
-60.3855889,-36.3789925,3151
-60.3855889,-36.3789925,3152
-60.3855889,-36.3789925,3153
-60.3855889,-36.3789925,3154
-60.3855889,-36.3789925,3155
-60.3855889,-36.3789925,3156
-58.437076,-34.6075616,3157
-58.437076,-34.6075616,3158
-58.437076,-34.6075616,3159
-58.437076,-34.6075616,3160
-58.437076,-34.6075616,3161
-58.437076,-34.6075616,3162
-58.437076,-34.6075616,3163
-58.437076,-34.6075616,3164
-58.437076,-34.6075616,3165
-58.437076,-34.6075616,3166
-58.437076,-34.6075616,3167
-58.437076,-34.6075616,3168
-58.437076,-34.6075616,3169
-58.437076,-34.6075616,3170
-58.437076,-34.6075616,3171
-58.437076,-34.6075616,3172
-58.437076,-34.6075616,3173
-58.437076,-34.6075616,3174
-58.437076,-34.6075616,3175
-58.437076,-34.6075616,3176
-58.437076,-34.6075616,3177
-58.437076,-34.6075616,3178
-58.437076,-34.6075616,3179
-58.437076,-34.6075616,3180
-58.437076,-34.6075616,3181
-58.437076,-34.6075616,3182
-58.437076,-34.6075616,3183
-58.437076,-34.6075616,3184
-58.437076,-34.6075616,3185
-58.437076,-34.6075616,3186
-58.437076,-34.6075616,3187
-58.437076,-34.6075616,3188
-58.437076,-34.6075616,3189
-58.437076,-34.6075616,3190
-58.437076,-34.6075616,3191
-58.437076,-34.6075616,3192
-58.437076,-34.6075616,3193
-58.437076,-34.6075616,3194
-58.437076,-34.6075616,3195
-58.437076,-34.6075616,3196
-58.437076,-34.6075616,3197
-58.437076,-34.6075616,3198
-58.437076,-34.6075616,3199
-58.437076,-34.6075616,3200
-58.437076,-34.6075616,3201
-58.437076,-34.6075616,3202
-58.437076,-34.6075616,3203
-58.437076,-34.6075616,3204
-58.437076,-34.6075616,3205
-58.437076,-34.6075616,3206
-58.437076,-34.6075616,3207
-58.437076,-34.6075616,3208
-58.437076,-34.6075616,3209
-58.437076,-34.6075616,3210
-58.437076,-34.6075616,3211
-58.437076,-34.6075616,3212
-58.437076,-34.6075616,3213
-58.437076,-34.6075616,3214
-58.437076,-34.6075616,3215
-58.437076,-34.6075616,3216
-58.437076,-34.6075616,3217
-58.437076,-34.6075616,3218
-58.437076,-34.6075616,3219
-58.437076,-34.6075616,3220
-58.437076,-34.6075616,3221
-58.437076,-34.6075616,3222
-58.437076,-34.6075616,3223
-58.437076,-34.6075616,3224
-58.437076,-34.6075616,3225
-58.437076,-34.6075616,3226
-58.437076,-34.6075616,3227
-58.437076,-34.6075616,3228
-58.437076,-34.6075616,3229
-58.437076,-34.6075616,3230
-58.437076,-34.6075616,3231
-58.437076,-34.6075616,3232
-58.437076,-34.6075616,3233
-58.437076,-34.6075616,3234
-58.437076,-34.6075616,3235
-58.437076,-34.6075616,3236
-58.437076,-34.6075616,3237
-58.437076,-34.6075616,3238
-58.437076,-34.6075616,3239
-58.437076,-34.6075616,3240
-58.437076,-34.6075616,3241
-58.437076,-34.6075616,3242
-58.437076,-34.6075616,3243
-58.437076,-34.6075616,3244
-58.437076,-34.6075616,3245
-58.437076,-34.6075616,3246
-58.437076,-34.6075616,3247
-58.437076,-34.6075616,3248
-58.437076,-34.6075616,3249
-58.437076,-34.6075616,3250
-58.437076,-34.6075616,3251
-58.437076,-34.6075616,3252
-58.437076,-34.6075616,3253
-58.437076,-34.6075616,3254
-58.437076,-34.6075616,3255
-58.437076,-34.6075616,3256
-58.437076,-34.6075616,3257
-58.437076,-34.6075616,3258
-58.437076,-34.6075616,3259
-58.437076,-34.6075616,3260
-58.437076,-34.6075616,3261
-58.437076,-34.6075616,3262
-58.437076,-34.6075616,3263
-58.437076,-34.6075616,3264
-58.437076,-34.6075616,3265
-58.437076,-34.6075616,3266
-58.437076,-34.6075616,3267
-58.437076,-34.6075616,3268
-58.437076,-34.6075616,3269
-58.437076,-34.6075616,3270
-58.437076,-34.6075616,3271
-58.437076,-34.6075616,3272
-58.437076,-34.6075616,3273
-58.437076,-34.6075616,3274
-58.437076,-34.6075616,3275
-58.437076,-34.6075616,3276
-58.437076,-34.6075616,3277
-58.437076,-34.6075616,3278
-58.437076,-34.6075616,3279
-58.437076,-34.6075616,3280
-58.437076,-34.6075616,3281
-58.437076,-34.6075616,3282
-58.437076,-34.6075616,3283
-58.437076,-34.6075616,3284
-58.437076,-34.6075616,3285
-58.437076,-34.6075616,3286
-58.437076,-34.6075616,3287
-58.437076,-34.6075616,3288
-58.437076,-34.6075616,3289
-58.437076,-34.6075616,3290
-58.437076,-34.6075616,3291
-58.437076,-34.6075616,3292
-58.437076,-34.6075616,3293
-58.437076,-34.6075616,3294
-58.437076,-34.6075616,3295
-58.437076,-34.6075616,3296
-58.437076,-34.6075616,3297
-58.437076,-34.6075616,3298
-58.437076,-34.6075616,3299
-58.437076,-34.6075616,3300
-58.437076,-34.6075616,3301
-58.437076,-34.6075616,3302
-58.437076,-34.6075616,3303
-58.437076,-34.6075616,3304
-58.437076,-34.6075616,3305
-58.437076,-34.6075616,3306
-58.437076,-34.6075616,3307
-58.437076,-34.6075616,3308
-58.437076,-34.6075616,3309
-58.437076,-34.6075616,3310
-58.437076,-34.6075616,3311
-58.437076,-34.6075616,3312
-58.437076,-34.6075616,3313
-58.437076,-34.6075616,3314
-58.437076,-34.6075616,3315
-58.437076,-34.6075616,3316
-58.437076,-34.6075616,3317
-58.437076,-34.6075616,3318
-58.437076,-34.6075616,3319
-58.437076,-34.6075616,3320
-58.437076,-34.6075616,3321
-58.437076,-34.6075616,3322
-58.437076,-34.6075616,3323
-58.437076,-34.6075616,3324
-58.437076,-34.6075616,3325
-58.437076,-34.6075616,3326
-58.437076,-34.6075616,3327
-58.437076,-34.6075616,3328
-58.437076,-34.6075616,3329
-58.437076,-34.6075616,3330
-58.437076,-34.6075616,3331
-58.437076,-34.6075616,3332
-58.437076,-34.6075616,3333
-58.437076,-34.6075616,3334
-58.437076,-34.6075616,3335
-58.437076,-34.6075616,3336
-58.437076,-34.6075616,3337
-58.437076,-34.6075616,3338
-58.437076,-34.6075616,3339
-58.437076,-34.6075616,3340
-58.437076,-34.6075616,3341
-58.437076,-34.6075616,3342
-58.437076,-34.6075616,3343
-58.437076,-34.6075616,3344
-58.437076,-34.6075616,3345
-58.437076,-34.6075616,3346
-58.437076,-34.6075616,3347
-58.437076,-34.6075616,3348
-58.437076,-34.6075616,3349
-58.437076,-34.6075616,3350
-58.437076,-34.6075616,3351
-58.437076,-34.6075616,3352
-58.437076,-34.6075616,3353
-58.437076,-34.6075616,3354
-58.437076,-34.6075616,3355
-58.437076,-34.6075616,3356
-58.437076,-34.6075616,3357
-58.437076,-34.6075616,3358
-58.437076,-34.6075616,3359
-58.437076,-34.6075616,3360
-58.437076,-34.6075616,3361
-58.437076,-34.6075616,3362
-58.437076,-34.6075616,3363
-58.437076,-34.6075616,3364
-58.437076,-34.6075616,3365
-58.437076,-34.6075616,3366
-58.437076,-34.6075616,3367
-58.437076,-34.6075616,3368
-58.437076,-34.6075616,3369
-58.437076,-34.6075616,3370
-58.437076,-34.6075616,3371
-58.437076,-34.6075616,3372
-58.437076,-34.6075616,3373
-58.437076,-34.6075616,3374
-58.437076,-34.6075616,3375
-58.437076,-34.6075616,3376
-58.437076,-34.6075616,3377
-58.437076,-34.6075616,3378
-58.437076,-34.6075616,3379
-58.437076,-34.6075616,3380
-58.437076,-34.6075616,3381
-58.437076,-34.6075616,3382
-58.437076,-34.6075616,3383
